Unnamed: 0,model,displ,cyl,trans,drive,fuel,veh_class,air_pollution_score,city_mpg,hwy_mpg,cmb_mpg,greenhouse_gas_score,smartway
0,ACURA MDX,3.7,6,Auto-S5,4WD,Gasoline,SUV,7,15.0,20.0,17.0,4,no
2,ACURA RDX,2.3,4,Auto-S5,4WD,Gasoline,SUV,7,17.0,22.0,19.0,5,no
4,ACURA RL,3.5,6,Auto-S5,4WD,Gasoline,midsize car,7,16.0,24.0,19.0,5,no
6,ACURA TL,3.2,6,Auto-S5,2WD,Gasoline,midsize car,7,18.0,26.0,21.0,6,yes
7,ACURA TL,3.5,6,Auto-S5,2WD,Gasoline,midsize car,7,17.0,26.0,20.0,6,yes
8,ACURA TL,3.5,6,Man-6,2WD,Gasoline,midsize car,7,18.0,27.0,21.0,6,yes
14,ACURA TSX,2.4,4,Man-6,2WD,Gasoline,small car,6,19.0,28.0,22.0,6,no
15,ACURA TSX,2.4,4,Auto-S5,2WD,Gasoline,small car,6,20.0,28.0,23.0,7,yes
18,ASTON MARTIN DB9,5.9,12,Man-6,2WD,Gasoline,small car,6,10.0,16.0,12.0,0,no
19,ASTON MARTIN DB9,5.9,12,Auto-S6,2WD,Gasoline,small car,6,11.0,18.0,13.0,1,no
22,ASTON MARTIN DB9 Volante,5.9,12,Man-6,2WD,Gasoline,small car,6,10.0,16.0,12.0,0,no
23,ASTON MARTIN DB9 Volante,5.9,12,Auto-S6,2WD,Gasoline,small car,6,11.0,17.0,13.0,1,no
26,ASTON MARTIN V8 Vantage,4.3,8,Man-6,2WD,Gasoline,small car,6,12.0,19.0,15.0,3,no
27,ASTON MARTIN V8 Vantage,4.3,8,Auto-S6,2WD,Gasoline,small car,6,13.0,20.0,15.0,3,no
28,AUDI A3,2.0,4,Man-6,2WD,Gasoline,station wagon,7,21.0,29.0,24.0,7,yes
29,AUDI A3,2.0,4,Auto-S6,2WD,Gasoline,station wagon,7,22.0,29.0,25.0,7,yes
33,AUDI A3,3.2,6,Auto-S6,4WD,Gasoline,station wagon,6,18.0,25.0,21.0,6,no
34,AUDI A4,2.0,4,Auto-AV,2WD,Gasoline,small car,7,21.0,30.0,24.0,7,yes
39,AUDI A4,3.1,6,Man-6,4WD,Gasoline,small car,6,15.0,25.0,19.0,5,no
40,AUDI A4,3.1,6,Auto-S6,4WD,Gasoline,small car,6,17.0,25.0,20.0,6,no
41,AUDI A4,3.1,6,Auto-AV,2WD,Gasoline,small car,6,18.0,27.0,21.0,6,no
44,AUDI A4 Avant,3.1,6,Man-6,4WD,Gasoline,station wagon,6,15.0,25.0,19.0,5,no
45,AUDI A4 Avant,3.1,6,Auto-S6,4WD,Gasoline,station wagon,6,17.0,25.0,20.0,6,no
47,AUDI A4 Cabriolet,3.1,6,Auto-S6,4WD,Gasoline,small car,6,17.0,25.0,20.0,6,no
50,AUDI A6,3.1,6,Auto-S6,4WD,Gasoline,midsize car,6,17.0,25.0,20.0,6,no
51,AUDI A6,3.1,6,Auto-AV,2WD,Gasoline,midsize car,6,18.0,27.0,21.0,6,no
53,AUDI A6,4.2,8,Auto-S6,4WD,Gasoline,midsize car,6,16.0,23.0,18.0,5,no
55,AUDI A6 Avant,3.1,6,Auto-S6,4WD,Gasoline,station wagon,6,17.0,25.0,20.0,6,no
57,AUDI A8,4.2,8,Auto-S6,4WD,Gasoline,midsize car,6,16.0,23.0,18.0,5,no
59,AUDI A8 L,4.2,8,Auto-S6,4WD,Gasoline,large car,6,16.0,23.0,18.0,5,no
61,AUDI A8 L,6.0,12,Auto-S6,4WD,Gasoline,large car,6,13.0,19.0,15.0,3,no
63,AUDI Q7,3.6,6,Auto-S6,4WD,Gasoline,SUV,6,14.0,20.0,16.0,4,no
65,AUDI Q7,4.2,8,Auto-S6,4WD,Gasoline,SUV,6,12.0,17.0,14.0,2,no
68,AUDI R8,4.2,8,Auto-S6,4WD,Gasoline,small car,6,13.0,19.0,15.0,3,no
69,AUDI R8,4.2,8,Man-6,4WD,Gasoline,small car,6,13.0,20.0,15.0,3,no
71,AUDI RS4,4.2,8,Man-6,4WD,Gasoline,small car,6,13.0,20.0,15.0,3,no
73,AUDI RS4 Cabriolet,4.2,8,Man-6,4WD,Gasoline,small car,6,12.0,19.0,14.0,2,no
76,AUDI S4,4.2,8,Man-6,4WD,Gasoline,small car,6,13.0,20.0,15.0,3,no
77,AUDI S4,4.2,8,Auto-S6,4WD,Gasoline,small car,6,14.0,21.0,16.0,4,no
80,AUDI S4 Avant,4.2,8,Man-6,4WD,Gasoline,station wagon,6,13.0,20.0,15.0,3,no
81,AUDI S4 Avant,4.2,8,Auto-S6,4WD,Gasoline,station wagon,6,14.0,21.0,16.0,4,no
84,AUDI S4 Cabriolet,4.2,8,Man-6,4WD,Gasoline,small car,6,13.0,19.0,15.0,3,no
85,AUDI S4 Cabriolet,4.2,8,Auto-S6,4WD,Gasoline,small car,6,14.0,21.0,16.0,4,no
87,AUDI S5,4.2,8,Man-6,4WD,Gasoline,small car,6,14.0,21.0,16.0,4,no
89,AUDI S6,5.2,10,Auto-S6,4WD,Gasoline,midsize car,6,14.0,19.0,16.0,4,no
91,AUDI S8,5.2,10,Auto-S6,4WD,Gasoline,midsize car,6,13.0,19.0,15.0,3,no
92,AUDI TT Coupe,2.0,4,Auto-S6,2WD,Gasoline,small car,7,23.0,31.0,26.0,8,yes
96,AUDI TT Coupe,3.2,6,Man-6,4WD,Gasoline,small car,6,17.0,24.0,19.0,5,no
97,AUDI TT Coupe,3.2,6,Auto-S6,4WD,Gasoline,small car,6,18.0,24.0,20.0,6,no
98,AUDI TT Roadster,2.0,4,Auto-S6,2WD,Gasoline,small car,7,22.0,29.0,25.0,7,yes
102,AUDI TT Roadster,3.2,6,Man-6,4WD,Gasoline,small car,6,17.0,24.0,19.0,5,no
103,AUDI TT Roadster,3.2,6,Auto-S6,4WD,Gasoline,small car,6,18.0,24.0,20.0,6,no
106,BENTLEY Arnage,6.7,8,Auto-S6,2WD,Gasoline,large car,6,9.0,15.0,11.0,0,no
107,BENTLEY Arnage,6.7,8,Auto-S6,2WD,Gasoline,midsize car,6,10.0,15.0,11.0,0,no
109,BENTLEY Azure,6.7,8,Auto-S6,2WD,Gasoline,small car,6,9.0,15.0,11.0,0,no
111,BENTLEY Continental Flying Spur,6.0,12,Auto-S6,4WD,Gasoline,midsize car,6,10.0,17.0,12.0,0,no
113,BENTLEY Continental GT,6.0,12,Auto-S6,4WD,Gasoline,small car,6,10.0,17.0,13.0,1,no
115,BENTLEY Continental GTC,6.0,12,Auto-S6,4WD,Gasoline,small car,6,10.0,17.0,12.0,0,no
116,BMW 328ci,3.0,6,Man-6,2WD,Gasoline,small car,9.5,20.0,30.0,24.0,7,yes
117,BMW 328ci,3.0,6,Auto-S6,2WD,Gasoline,small car,9.5,23.0,31.0,25.0,7,yes
118,BMW 328ci,3.0,6,Man-6,2WD,Gasoline,small car,7,20.0,30.0,24.0,7,yes
119,BMW 328ci,3.0,6,Auto-S6,2WD,Gasoline,small car,7,23.0,31.0,25.0,7,yes
124,BMW 328ci Convertible,3.0,6,Man-6,2WD,Gasoline,small car,9.5,19.0,29.0,22.0,6,yes
125,BMW 328ci Convertible,3.0,6,Auto-S6,2WD,Gasoline,small car,9.5,20.0,30.0,24.0,7,yes
126,BMW 328ci Convertible,3.0,6,Man-6,2WD,Gasoline,small car,7,19.0,29.0,22.0,6,yes
127,BMW 328ci Convertible,3.0,6,Auto-S6,2WD,Gasoline,small car,7,20.0,30.0,24.0,7,yes
132,BMW 328cxi,3.0,6,Auto-S6,4WD,Gasoline,small car,9.5,20.0,27.0,23.0,7,yes
133,BMW 328cxi,3.0,6,Man-6,4WD,Gasoline,small car,7,19.0,28.0,22.0,6,yes
134,BMW 328cxi,3.0,6,Auto-S6,4WD,Gasoline,small car,7,20.0,27.0,23.0,7,yes
138,BMW 328i,3.0,6,Man-6,2WD,Gasoline,small car,9.5,20.0,30.0,24.0,7,yes
139,BMW 328i,3.0,6,Auto-S6,2WD,Gasoline,small car,9.5,23.0,31.0,25.0,7,yes
140,BMW 328i,3.0,6,Man-6,2WD,Gasoline,small car,7,20.0,30.0,24.0,7,yes
141,BMW 328i,3.0,6,Auto-S6,2WD,Gasoline,small car,7,23.0,31.0,25.0,7,yes
146,BMW 328i Sport Wagon,3.0,6,Man-6,2WD,Gasoline,station wagon,7,19.0,29.0,22.0,6,yes
148,BMW 328xi,3.0,6,Auto-S6,4WD,Gasoline,small car,9.5,20.0,27.0,23.0,7,yes
149,BMW 328xi,3.0,6,Man-6,4WD,Gasoline,small car,7,19.0,28.0,22.0,6,yes
150,BMW 328xi,3.0,6,Auto-S6,4WD,Gasoline,small car,7,20.0,27.0,23.0,7,yes
154,BMW 328xi Sport Wagon,3.0,6,Man-6,4WD,Gasoline,station wagon,7,19.0,28.0,22.0,6,yes
155,BMW 328xi Sport Wagon,3.0,6,Auto-S6,4WD,Gasoline,station wagon,7,20.0,27.0,23.0,7,yes
160,BMW 335ci,3.0,6,Man-6,2WD,Gasoline,small car,6,19.0,28.0,22.0,6,no
161,BMW 335ci,3.0,6,Auto-S6,2WD,Gasoline,small car,6,20.0,28.0,23.0,7,yes
164,BMW 335ci Convertible,3.0,6,Man-6,2WD,Gasoline,small car,6,19.0,28.0,22.0,6,no
165,BMW 335ci Convertible,3.0,6,Auto-S6,2WD,Gasoline,small car,6,20.0,28.0,23.0,7,yes
168,BMW 335cxi,3.0,6,Man-6,4WD,Gasoline,small car,6,18.0,27.0,21.0,6,no
169,BMW 335cxi,3.0,6,Auto-S6,4WD,Gasoline,small car,6,19.0,27.0,22.0,6,no
172,BMW 335i,3.0,6,Man-6,2WD,Gasoline,small car,6,19.0,28.0,22.0,6,no
173,BMW 335i,3.0,6,Auto-S6,2WD,Gasoline,small car,6,20.0,28.0,23.0,7,yes
176,BMW 335xi,3.0,6,Man-6,4WD,Gasoline,small car,6,18.0,27.0,21.0,6,no
177,BMW 335xi,3.0,6,Auto-S6,4WD,Gasoline,small car,6,19.0,27.0,22.0,6,no
178,BMW 528i,3.0,6,Auto-S6,2WD,Gasoline,midsize car,7,20.0,30.0,24.0,7,yes
179,BMW 528i,3.0,6,Man-6,2WD,Gasoline,midsize car,7,20.0,30.0,24.0,7,yes
182,BMW 528xi,3.0,6,Man-6,4WD,Gasoline,midsize car,7,19.0,28.0,22.0,6,yes
183,BMW 528xi,3.0,6,Auto-S6,4WD,Gasoline,midsize car,7,20.0,27.0,23.0,7,yes
188,BMW 535i,3.0,6,Man-6,2WD,Gasoline,midsize car,6,19.0,28.0,22.0,6,no
189,BMW 535i,3.0,6,Auto-S6,2WD,Gasoline,midsize car,6,20.0,28.0,23.0,7,yes
192,BMW 535xi,3.0,6,Man-6,4WD,Gasoline,midsize car,6,18.0,27.0,21.0,6,no
193,BMW 535xi,3.0,6,Auto-S6,4WD,Gasoline,midsize car,6,19.0,27.0,22.0,6,no
196,BMW 535xi Sport Wagon,3.0,6,Man-6,4WD,Gasoline,station wagon,6,17.0,25.0,20.0,6,no
197,BMW 535xi Sport Wagon,3.0,6,Auto-S6,4WD,Gasoline,station wagon,6,18.0,26.0,21.0,6,no
198,BMW 550i,4.8,8,Man-6,2WD,Gasoline,midsize car,7,17.0,24.0,19.0,5,no
199,BMW 550i,4.8,8,Auto-S6,2WD,Gasoline,midsize car,7,17.0,25.0,20.0,6,yes
202,BMW 650ci,4.8,8,Man-6,2WD,Gasoline,small car,7,17.0,24.0,19.0,5,no
203,BMW 650ci,4.8,8,Auto-S6,2WD,Gasoline,small car,7,17.0,25.0,20.0,6,yes
206,BMW 650ci Convertible,4.8,8,Man-6,2WD,Gasoline,small car,7,16.0,22.0,18.0,5,no
207,BMW 650ci Convertible,4.8,8,Auto-S6,2WD,Gasoline,small car,7,17.0,25.0,20.0,6,yes
210,BMW 750i,4.8,8,Auto-S6,2WD,Gasoline,large car,7,17.0,25.0,20.0,6,yes
212,BMW 750li,4.8,8,Auto-S6,2WD,Gasoline,large car,7,17.0,25.0,20.0,6,yes
215,BMW 760li,6.0,12,Auto-S6,2WD,Gasoline,large car,6,14.0,22.0,17.0,4,no
217,BMW Alpina B7,4.4,8,Auto-S6,2WD,Gasoline,large car,6,15.0,23.0,18.0,5,no
220,BMW M5,5.0,10,Man-6,2WD,Gasoline,midsize car,6,12.0,18.0,14.0,2,no
221,BMW M5,5.0,10,Auto-S7,2WD,Gasoline,midsize car,6,12.0,18.0,14.0,2,no
224,BMW M6,5.0,10,Man-6,2WD,Gasoline,small car,6,12.0,18.0,14.0,2,no
225,BMW M6,5.0,10,Auto-S7,2WD,Gasoline,small car,6,12.0,18.0,14.0,2,no
228,BMW M6 Convertible,5.0,10,Man-6,2WD,Gasoline,small car,6,12.0,18.0,14.0,2,no
229,BMW M6 Convertible,5.0,10,Auto-S7,2WD,Gasoline,small car,6,12.0,19.0,14.0,2,no
230,BMW X3,3.0,6,Man-6,4WD,Gasoline,SUV,7,18.0,26.0,21.0,6,yes
231,BMW X3,3.0,6,Auto-S6,4WD,Gasoline,SUV,7,19.0,26.0,22.0,6,yes
234,BMW X5,3.0,6,Auto-S6,4WD,Gasoline,SUV,7,17.0,23.0,19.0,5,no
235,BMW X5,4.8,8,Auto-S6,4WD,Gasoline,SUV,7,15.0,21.0,17.0,4,no
238,BMW Z4,3.0,6,Man-6,2WD,Gasoline,small car,7,20.0,30.0,24.0,7,yes
239,BMW Z4,3.0,6,Auto-S6,2WD,Gasoline,small car,7,23.0,31.0,25.0,7,yes
242,BMW Z4 Coupe,3.0,6,Man-6,2WD,Gasoline,small car,7,20.0,30.0,24.0,7,yes
243,BMW Z4 Coupe,3.0,6,Auto-S6,2WD,Gasoline,small car,7,23.0,31.0,25.0,7,yes
247,BUGATTI Veyron,8.0,16,Auto-S6,4WD,Gasoline,small car,6,8.0,14.0,10.0,0,no
248,BUICK Allure,3.8,6,Auto-L4,2WD,Gasoline,midsize car,9.5,17.0,28.0,21.0,6,yes
250,BUICK Allure,3.6,6,Auto-L4,2WD,Gasoline,midsize car,6,17.0,25.0,20.0,6,no
253,BUICK Allure,5.3,8,Auto-L4,2WD,Gasoline,midsize car,6,16.0,25.0,19.0,5,no
256,BUICK Enclave,3.6,6,Auto-L6,2WD,Gasoline,SUV,6,16.0,24.0,19.0,5,no
257,BUICK Enclave,3.6,6,Auto-L6,4WD,Gasoline,SUV,6,16.0,22.0,18.0,5,no
258,BUICK LaCrosse,3.8,6,Auto-L4,2WD,Gasoline,midsize car,9.5,17.0,28.0,21.0,6,yes
260,BUICK LaCrosse,3.6,6,Auto-L4,2WD,Gasoline,midsize car,6,17.0,25.0,20.0,6,no
263,BUICK LaCrosse,5.3,8,Auto-L4,2WD,Gasoline,midsize car,6,16.0,25.0,19.0,5,no
264,BUICK Lucerne,3.8,6,Auto-L4,2WD,Gasoline,large car,9.5,16.0,25.0,19.0,5,no
271,BUICK Terraza,3.9,6,Auto-L4,2WD,Gasoline,minivan,6,16.0,23.0,19.0,5,no
278,CADILLAC CTS,3.6,6,Man-6,2WD,Gasoline,midsize car,6,16.0,25.0,19.0,5,no
279,CADILLAC CTS,3.6,6,Man-6,2WD,Gasoline,midsize car,6,16.0,25.0,19.0,5,no
280,CADILLAC CTS,3.6,6,Auto-S6,4WD,Gasoline,midsize car,6,17.0,25.0,20.0,6,no
281,CADILLAC CTS,3.6,6,Auto-S6,4WD,Gasoline,midsize car,6,17.0,26.0,20.0,6,no
282,CADILLAC CTS,3.6,6,Auto-S6,2WD,Gasoline,midsize car,6,17.0,26.0,20.0,6,no
283,CADILLAC CTS,3.6,6,Auto-S6,2WD,Gasoline,midsize car,6,18.0,26.0,21.0,6,no
290,CADILLAC Escalade,6.2,8,Auto-L6,2WD,Gasoline,SUV,6,12.0,19.0,14.0,2,no
291,CADILLAC Escalade,6.2,8,Auto-L6,4WD,Gasoline,SUV,6,12.0,18.0,14.0,2,no
296,CADILLAC SRX,3.6,6,Auto-S5,2WD,Gasoline,SUV,6,15.0,22.0,17.0,4,no
297,CADILLAC SRX,3.6,6,Auto-S5,4WD,Gasoline,SUV,6,14.0,22.0,17.0,4,no
300,CADILLAC SRX,4.6,8,Auto-S6,2WD,Gasoline,SUV,6,13.0,20.0,16.0,4,no
301,CADILLAC SRX,4.6,8,Auto-S6,4WD,Gasoline,SUV,6,13.0,20.0,15.0,3,no
304,CADILLAC STS,3.6,6,Auto-S6,4WD,Gasoline,midsize car,6,17.0,26.0,20.0,6,no
305,CADILLAC STS,3.6,6,Auto-S6,2WD,Gasoline,midsize car,6,17.0,26.0,20.0,6,no
307,CADILLAC STS,4.4,8,Auto-S6,2WD,Gasoline,midsize car,6,13.0,19.0,15.0,3,no
310,CADILLAC STS,4.6,8,Auto-S6,4WD,Gasoline,midsize car,6,14.0,21.0,16.0,4,no
311,CADILLAC STS,4.6,8,Auto-S6,2WD,Gasoline,midsize car,6,15.0,24.0,18.0,5,no
313,CADILLAC XLR,4.4,8,Auto-S6,2WD,Gasoline,small car,6,14.0,21.0,16.0,4,no
315,CADILLAC XLR,4.6,8,Auto-S6,2WD,Gasoline,small car,6,15.0,24.0,18.0,5,no
334,CHEVROLET Classic,3.5,6,Auto-L4,2WD,Gasoline,midsize car,7,18.0,28.0,22.0,6,yes
336,CHEVROLET Classic,2.2,4,Auto-L4,2WD,Gasoline,midsize car,6,21.0,31.0,25.0,7,yes
339,CHEVROLET Cobalt,2.2,4,Auto-L4,2WD,Gasoline,small car,9.5,22.0,31.0,26.0,8,yes
340,CHEVROLET Cobalt,2.2,4,Man-5,2WD,Gasoline,small car,9.5,24.0,33.0,27.0,8,yes
343,CHEVROLET Cobalt,2.2,4,Auto-L4,2WD,Gasoline,small car,6,22.0,31.0,26.0,8,yes
344,CHEVROLET Cobalt,2.2,4,Man-5,2WD,Gasoline,small car,6,24.0,33.0,27.0,8,yes
347,CHEVROLET Cobalt,2.4,4,Auto-L4,2WD,Gasoline,small car,6,22.0,31.0,25.0,7,yes
348,CHEVROLET Cobalt,2.4,4,Man-5,2WD,Gasoline,small car,6,22.0,32.0,26.0,8,yes
371,CHEVROLET Corvette,7.0,8,Man-6,2WD,Gasoline,small car,6,15.0,24.0,18.0,5,no
372,CHEVROLET Equinox,3.4,6,Auto-L5,2WD,Gasoline,SUV,7,17.0,24.0,19.0,5,no
373,CHEVROLET Equinox,3.4,6,Auto-L5,4WD,Gasoline,SUV,7,17.0,24.0,19.0,5,no
378,CHEVROLET Equinox,3.6,6,Auto-S6,2WD,Gasoline,SUV,6,16.0,24.0,19.0,5,no
379,CHEVROLET Equinox,3.6,6,Auto-S6,4WD,Gasoline,SUV,6,16.0,24.0,19.0,5,no
384,CHEVROLET Express 1500,5.3,8,Auto-L4,4WD,Gasoline,van,6,12.0,16.0,14.0,2,no
385,CHEVROLET Express 1500,5.3,8,Auto-L4,2WD,Gasoline,van,6,12.0,16.0,14.0,2,no
388,CHEVROLET Express 2500,5.3,8,Auto-L4,2WD,Gasoline,van,6,12.0,16.0,14.0,2,no
397,CHEVROLET HHR,2.2,4,Man-5,2WD,Gasoline,SUV,7,20.0,30.0,24.0,7,yes
398,CHEVROLET HHR,2.2,4,Man-5,2WD,Gasoline,SUV,7,21.0,30.0,24.0,7,yes
399,CHEVROLET HHR,2.2,4,Auto-L4,2WD,Gasoline,SUV,7,22.0,30.0,25.0,7,yes
400,CHEVROLET HHR,2.2,4,Auto-L4,2WD,Gasoline,SUV,7,22.0,30.0,25.0,7,yes
401,CHEVROLET HHR,2.4,4,Man-5,2WD,Gasoline,SUV,7,20.0,28.0,23.0,7,yes
402,CHEVROLET HHR,2.4,4,Man-5,2WD,Gasoline,SUV,7,20.0,29.0,23.0,7,yes
403,CHEVROLET HHR,2.4,4,Auto-L4,2WD,Gasoline,SUV,7,22.0,28.0,24.0,7,yes
404,CHEVROLET HHR,2.4,4,Auto-L4,2WD,Gasoline,SUV,7,22.0,28.0,24.0,7,yes
406,CHEVROLET HHR,2.0,4,Auto-L4,2WD,Gasoline,SUV,6,19.0,28.0,22.0,6,no
415,CHEVROLET Impala,3.5,6,Auto-L4,2WD,Gasoline,large car,9.5,18.0,29.0,22.0,6,yes
420,CHEVROLET Impala,5.3,8,Auto-L4,2WD,Gasoline,large car,6,16.0,25.0,19.0,5,no
421,CHEVROLET Malibu,3.5,6,Auto-L4,2WD,Gasoline,midsize car,7,18.0,29.0,22.0,6,yes
423,CHEVROLET Malibu,2.4,4,Auto-L4,2WD,Gasoline,midsize car,6,22.0,30.0,25.0,7,yes
426,CHEVROLET Malibu,3.6,6,Auto-S6,2WD,Gasoline,midsize car,6,17.0,26.0,20.0,6,no
428,CHEVROLET Malibu Hybrid,2.4,4,Auto-L4,2WD,Gasoline,midsize car,6,24.0,32.0,27.0,8,yes
441,CHEVROLET Silverado 15,4.3,6,Auto-L4,2WD,Gasoline,pickup,6,15.0,20.0,17.0,4,no
442,CHEVROLET Silverado 15,4.3,6,Auto-L4,4WD,Gasoline,pickup,6,14.0,18.0,15.0,3,no
494,CHEVROLET Tahoe 1500,6.2,8,Auto-L6,2WD,Gasoline,SUV,6,12.0,19.0,14.0,2,no
498,CHEVROLET Tahoe 1500 Hybrid,6.0,8,Auto-AV,2WD,Gasoline,SUV,6,21.0,22.0,21.0,6,no
499,CHEVROLET Tahoe 1500 Hybrid,6.0,8,Auto-AV,4WD,Gasoline,SUV,6,20.0,20.0,20.0,6,no
504,CHEVROLET Trailblazer,5.3,8,Auto-L4,2WD,Gasoline,SUV,6,14.0,20.0,17.0,4,no
505,CHEVROLET Trailblazer,5.3,8,Auto-L4,4WD,Gasoline,SUV,6,13.0,19.0,16.0,4,no
506,CHEVROLET Trailblazer,6.0,8,Auto-L4,2WD,Gasoline,SUV,6,12.0,16.0,14.0,2,no
507,CHEVROLET Trailblazer,6.0,8,Auto-L4,4WD,Gasoline,SUV,6,12.0,16.0,13.0,1,no
514,CHEVROLET Uplander,3.9,6,Auto-L4,2WD,Gasoline,minivan,6,16.0,23.0,19.0,5,no
516,CHEVROLET Van 1500,4.3,6,Auto-L4,2WD,Gasoline,van,6,15.0,20.0,17.0,4,no
521,CHEVROLET Van 1500,5.3,8,Auto-L4,4WD,Gasoline,van,6,12.0,16.0,14.0,2,no
522,CHEVROLET Van 1500,5.3,8,Auto-L4,2WD,Gasoline,van,6,12.0,16.0,14.0,2,no
523,CHEVROLET Van 1500,5.3,8,Auto-L4,4WD,Gasoline,van,6,13.0,17.0,15.0,3,no
524,CHEVROLET Van 1500,5.3,8,Auto-L4,2WD,Gasoline,van,6,14.0,18.0,15.0,3,no
527,CHEVROLET Van 2500,4.3,6,Auto-L4,2WD,Gasoline,van,6,15.0,20.0,17.0,4,no
531,CHEVROLET Van 2500,5.3,8,Auto-L4,2WD,Gasoline,van,6,12.0,16.0,14.0,2,no
532,CHEVROLET Van 2500,5.3,8,Auto-L4,4WD,Gasoline,van,6,13.0,17.0,15.0,3,no
533,CHEVROLET Van 2500,5.3,8,Auto-L4,2WD,Gasoline,van,6,14.0,18.0,15.0,3,no
544,CHRYSLER 300,3.5,6,Auto-L5,4WD,Gasoline,large car,7,15.0,22.0,18.0,5,no
545,CHRYSLER 300,3.5,6,Auto-L5,2WD,Gasoline,large car,7,17.0,24.0,20.0,6,yes
546,CHRYSLER 300,3.5,6,Auto-L4,2WD,Gasoline,large car,7,17.0,24.0,20.0,6,yes
550,CHRYSLER 300,2.7,6,Auto-L4,2WD,Gasoline,large car,6,18.0,26.0,21.0,6,no
555,CHRYSLER 300,6.1,8,Auto-L5,2WD,Gasoline,large car,6,13.0,18.0,15.0,3,no
556,CHRYSLER Aspen,4.7,8,Auto-L5,2WD,Gasoline,SUV,7,14.0,19.0,15.0,3,no
559,CHRYSLER Aspen,5.7,8,Auto-L5,2WD,Gasoline,SUV,6,13.0,19.0,15.0,3,no
560,CHRYSLER Aspen,5.7,8,Auto-L5,4WD,Gasoline,SUV,6,13.0,18.0,15.0,3,no
565,CHRYSLER Crossfire,3.2,6,Man-6,2WD,Gasoline,small car,6,15.0,23.0,18.0,5,no
566,CHRYSLER Crossfire,3.2,6,Auto-L5,2WD,Gasoline,small car,6,19.0,25.0,21.0,6,no
567,CHRYSLER PT Cruiser,2.4,4,Auto-L4,2WD,Gasoline,SUV,7,18.0,24.0,21.0,6,yes
568,CHRYSLER PT Cruiser,2.4,4,Auto-L4,2WD,Gasoline,SUV,7,19.0,24.0,21.0,6,yes
569,CHRYSLER PT Cruiser,2.4,4,Man-5,2WD,Gasoline,SUV,7,20.0,25.0,22.0,6,yes
574,CHRYSLER PT Cruiser,2.4,4,Auto-L4,2WD,Gasoline,SUV,6,18.0,24.0,21.0,6,no
575,CHRYSLER PT Cruiser,2.4,4,Auto-L4,2WD,Gasoline,SUV,6,19.0,24.0,21.0,6,no
576,CHRYSLER PT Cruiser,2.4,4,Man-5,2WD,Gasoline,SUV,6,20.0,25.0,22.0,6,no
577,CHRYSLER PT Cruiser,2.4,4,Man-5,2WD,Gasoline,SUV,6,21.0,26.0,23.0,7,yes
578,CHRYSLER PT Cruiser Convertible,2.4,4,Auto-L4,2WD,Gasoline,small car,7,18.0,24.0,21.0,6,yes
579,CHRYSLER PT Cruiser Convertible,2.4,4,Auto-L4,2WD,Gasoline,small car,7,19.0,24.0,21.0,6,yes
580,CHRYSLER PT Cruiser Convertible,2.4,4,Man-5,2WD,Gasoline,small car,7,20.0,25.0,22.0,6,yes
585,CHRYSLER PT Cruiser Convertible,2.4,4,Auto-L4,2WD,Gasoline,small car,6,18.0,24.0,21.0,6,no
586,CHRYSLER PT Cruiser Convertible,2.4,4,Auto-L4,2WD,Gasoline,small car,6,19.0,24.0,21.0,6,no
587,CHRYSLER PT Cruiser Convertible,2.4,4,Man-5,2WD,Gasoline,small car,6,20.0,25.0,22.0,6,no
588,CHRYSLER PT Cruiser Convertible,2.4,4,Man-5,2WD,Gasoline,small car,6,21.0,26.0,23.0,7,yes
589,CHRYSLER Pacifica,3.8,6,Auto-L4,2WD,Gasoline,SUV,7,15.0,22.0,18.0,5,no
590,CHRYSLER Pacifica,4.0,6,Auto-L6,2WD,Gasoline,SUV,7,15.0,23.0,17.0,4,no
591,CHRYSLER Pacifica,4.0,6,Auto-L6,4WD,Gasoline,SUV,7,14.0,22.0,17.0,4,no
595,CHRYSLER SRT-8,3.5,6,Auto-L5,2WD,Gasoline,large car,7,17.0,24.0,20.0,6,yes
596,CHRYSLER SRT-8,3.5,6,Auto-L4,2WD,Gasoline,large car,7,17.0,24.0,20.0,6,yes
599,CHRYSLER SRT-8,2.7,6,Auto-L4,2WD,Gasoline,large car,6,18.0,26.0,21.0,6,no
603,CHRYSLER SRT-8,6.1,8,Auto-L5,2WD,Gasoline,large car,6,13.0,18.0,15.0,3,no
604,CHRYSLER Sebring,2.4,4,Auto-L4,2WD,Gasoline,midsize car,7,21.0,30.0,24.0,7,yes
605,CHRYSLER Sebring,3.5,6,Auto-L6,4WD,Gasoline,midsize car,7,15.0,24.0,18.0,5,no
606,CHRYSLER Sebring,3.5,6,Auto-L6,2WD,Gasoline,midsize car,7,16.0,26.0,19.0,5,no
608,CHRYSLER Sebring,2.4,4,Auto-L4,2WD,Gasoline,midsize car,6,21.0,30.0,24.0,7,yes
609,CHRYSLER Sebring,2.7,6,Auto-L4,2WD,Gasoline,midsize car,6,19.0,27.0,22.0,6,no
613,CHRYSLER Sebring Convertible,2.4,4,Auto-L4,2WD,Gasoline,small car,7,20.0,29.0,23.0,7,yes
614,CHRYSLER Sebring Convertible,3.5,6,Auto-L6,2WD,Gasoline,small car,7,16.0,26.0,19.0,5,no
616,CHRYSLER Sebring Convertible,2.4,4,Auto-L4,2WD,Gasoline,small car,6,20.0,29.0,23.0,7,yes
617,CHRYSLER Sebring Convertible,2.7,6,Auto-L4,2WD,Gasoline,small car,6,18.0,26.0,21.0,6,no
620,CHRYSLER Town & Country,3.3,6,Auto-L4,2WD,Gasoline,minivan,7,17.0,24.0,19.0,5,no
621,CHRYSLER Town & Country,3.8,6,Auto-L6,2WD,Gasoline,minivan,7,16.0,23.0,18.0,5,no
622,CHRYSLER Town & Country,4.0,6,Auto-L6,2WD,Gasoline,minivan,7,16.0,23.0,18.0,5,no
629,DODGE Avenger,2.4,4,Auto-L4,2WD,Gasoline,midsize car,7,21.0,30.0,24.0,7,yes
630,DODGE Avenger,3.5,6,Auto-L6,4WD,Gasoline,midsize car,7,15.0,24.0,18.0,5,no
631,DODGE Avenger,3.5,6,Auto-L6,2WD,Gasoline,midsize car,7,16.0,26.0,19.0,5,no
633,DODGE Avenger,2.4,4,Auto-L4,2WD,Gasoline,midsize car,6,21.0,30.0,24.0,7,yes
634,DODGE Avenger,2.7,6,Auto-L4,2WD,Gasoline,midsize car,6,19.0,27.0,22.0,6,no
638,DODGE Caliber,2.4,4,Auto-AV,4WD,Gasoline,midsize car,7,21.0,24.0,22.0,6,yes
639,DODGE Caliber,2.4,4,Auto-AV,2WD,Gasoline,midsize car,7,21.0,25.0,23.0,7,yes
641,DODGE Caliber,2.0,4,Auto-AV,2WD,Gasoline,midsize car,6,23.0,27.0,24.0,7,yes
644,DODGE Caliber,2.4,4,Auto-AV,2WD,Gasoline,midsize car,6,21.0,25.0,23.0,7,yes
645,DODGE Caravan,3.3,6,Auto-L4,2WD,Gasoline,minivan,7,17.0,24.0,19.0,5,no
646,DODGE Caravan,3.8,6,Auto-L6,2WD,Gasoline,minivan,7,16.0,23.0,18.0,5,no
647,DODGE Caravan,4.0,6,Auto-L6,2WD,Gasoline,minivan,7,16.0,23.0,18.0,5,no
653,DODGE Challenger,6.1,8,Auto-L5,2WD,Gasoline,midsize car,6,13.0,18.0,15.0,3,no
654,DODGE Charger,3.5,6,Auto-L5,4WD,Gasoline,large car,7,15.0,22.0,18.0,5,no
655,DODGE Charger,3.5,6,Auto-L5,2WD,Gasoline,large car,7,17.0,24.0,20.0,6,yes
656,DODGE Charger,3.5,6,Auto-L4,2WD,Gasoline,large car,7,17.0,24.0,20.0,6,yes
660,DODGE Charger,2.7,6,Auto-L4,2WD,Gasoline,large car,6,18.0,26.0,21.0,6,no
665,DODGE Charger,6.1,8,Auto-L5,2WD,Gasoline,large car,6,13.0,18.0,15.0,3,no
666,DODGE Dakota,3.7,6,Auto-L4,2WD,Gasoline,pickup,7,15.0,20.0,17.0,4,no
667,DODGE Dakota,3.7,6,Auto-L4,4WD,Gasoline,pickup,7,14.0,18.0,15.0,3,no
668,DODGE Dakota,4.7,8,Auto-L5,2WD,Gasoline,pickup,7,14.0,19.0,15.0,3,no
669,DODGE Dakota,4.7,8,Auto-L5,4WD,Gasoline,pickup,7,14.0,19.0,15.0,3,no
674,DODGE Dakota,3.7,6,Auto-L4,2WD,Gasoline,pickup,6,15.0,20.0,17.0,4,no
675,DODGE Dakota,3.7,6,Man-6,2WD,Gasoline,pickup,6,16.0,20.0,18.0,5,no
676,DODGE Dakota,3.7,6,Auto-L4,4WD,Gasoline,pickup,6,14.0,18.0,15.0,3,no
677,DODGE Dakota,3.7,6,Man-6,4WD,Gasoline,pickup,6,15.0,19.0,16.0,4,no
680,DODGE Durango,3.7,6,Auto-L4,2WD,Gasoline,SUV,7,14.0,19.0,16.0,4,no
681,DODGE Durango,4.7,8,Auto-L5,2WD,Gasoline,SUV,7,14.0,19.0,15.0,3,no
682,DODGE Durango,4.7,8,Auto-L5,4WD,Gasoline,SUV,7,13.0,17.0,15.0,3,no
686,DODGE Durango,5.7,8,Auto-L5,2WD,Gasoline,SUV,6,13.0,19.0,15.0,3,no
687,DODGE Durango,5.7,8,Auto-L5,4WD,Gasoline,SUV,6,13.0,18.0,15.0,3,no
690,DODGE Magnum,3.5,6,Auto-L5,2WD,Gasoline,SUV,7,17.0,24.0,20.0,6,yes
691,DODGE Magnum,3.5,6,Auto-L4,2WD,Gasoline,SUV,7,17.0,24.0,20.0,6,yes
692,DODGE Magnum,3.5,6,Auto-L5,4WD,Gasoline,SUV,7,15.0,22.0,18.0,5,no
696,DODGE Magnum,2.7,6,Auto-L4,2WD,Gasoline,SUV,6,18.0,26.0,21.0,6,no
701,DODGE Magnum,6.1,8,Auto-L5,2WD,Gasoline,SUV,6,13.0,18.0,15.0,3,no
702,DODGE Nitro,3.7,6,Auto-L4,2WD,Gasoline,SUV,7,16.0,22.0,18.0,5,no
703,DODGE Nitro,3.7,6,Auto-L4,4WD,Gasoline,SUV,7,15.0,21.0,17.0,4,no
708,DODGE Nitro,3.7,6,Auto-L4,2WD,Gasoline,SUV,6,16.0,22.0,18.0,5,no
709,DODGE Nitro,3.7,6,Man-6,2WD,Gasoline,SUV,6,16.0,22.0,19.0,5,no
710,DODGE Nitro,3.7,6,Auto-L4,4WD,Gasoline,SUV,6,15.0,21.0,17.0,4,no
711,DODGE Nitro,3.7,6,Man-6,4WD,Gasoline,SUV,6,16.0,22.0,18.0,5,no
713,DODGE Nitro,4.0,6,Auto-L5,2WD,Gasoline,SUV,6,16.0,21.0,18.0,5,no
714,DODGE RAM 1500,3.7,6,Auto-L4,2WD,Gasoline,pickup,7,14.0,19.0,16.0,4,no
715,DODGE RAM 1500,4.7,8,Auto-L5,2WD,Gasoline,pickup,7,13.0,18.0,15.0,3,no
716,DODGE RAM 1500,4.7,8,Auto-L5,4WD,Gasoline,pickup,7,13.0,17.0,15.0,3,no
719,DODGE RAM 1500,3.7,6,Auto-L4,2WD,Gasoline,pickup,6,14.0,19.0,16.0,4,no
720,DODGE RAM 1500,3.7,6,Man-6,2WD,Gasoline,pickup,6,16.0,19.0,17.0,4,no
723,DODGE RAM 1500,4.7,8,Man-6,2WD,Gasoline,pickup,6,13.0,17.0,14.0,2,no
724,DODGE RAM 1500,4.7,8,Man-6,4WD,Gasoline,pickup,6,12.0,16.0,14.0,2,no
727,DODGE RAM 1500,5.7,8,Auto-L5,2WD,Gasoline,pickup,6,13.0,19.0,15.0,3,no
728,DODGE RAM 1500,5.7,8,Auto-L5,4WD,Gasoline,pickup,6,13.0,17.0,14.0,2,no
756,DODGE Viper,8.4,10,Man-6,2WD,Gasoline,small car,6,13.0,22.0,16.0,4,no
758,DODGE Viper Convertible,8.4,10,Man-6,2WD,Gasoline,small car,6,13.0,22.0,16.0,4,no
761,FERRARI 599 GTB Fiorano,5.9,12,Auto-6,2WD,Gasoline,small car,6,11.0,15.0,12.0,0,no
762,FERRARI 599 GTB Fiorano,5.9,12,Man-6,2WD,Gasoline,small car,6,11.0,15.0,12.0,0,no
765,FERRARI 612 Scaglietti,5.7,12,Auto-6,2WD,Gasoline,midsize car,6,9.0,16.0,11.0,0,no
766,FERRARI 612 Scaglietti,5.7,12,Man-6,2WD,Gasoline,midsize car,6,10.0,15.0,12.0,0,no
801,FORD Edge,3.5,6,Auto-L6,2WD,Gasoline,SUV,7,16.0,24.0,19.0,5,no
802,FORD Edge,3.5,6,Auto-L6,4WD,Gasoline,SUV,7,15.0,22.0,18.0,5,no
805,FORD Escape,2.3,4,Man-5,2WD,Gasoline,SUV,7,22.0,28.0,24.0,7,yes
809,FORD Escape,2.3,4,Auto-L4,2WD,Gasoline,SUV,6,20.0,26.0,22.0,6,no
810,FORD Escape,2.3,4,Auto-L4,4WD,Gasoline,SUV,6,19.0,24.0,21.0,6,no
813,FORD Escape,3.0,6,Auto-L4,2WD,Gasoline,SUV,6,18.0,24.0,20.0,6,no
814,FORD Escape,3.0,6,Auto-L4,4WD,Gasoline,SUV,6,17.0,22.0,19.0,5,no
815,FORD Escape Hybrid,2.3,4,Auto-AV,2WD,Gasoline,SUV,9.5,34.0,30.0,32.0,9,yes
816,FORD Escape Hybrid,2.3,4,Auto-AV,4WD,Gasoline,SUV,9.5,29.0,27.0,28.0,8,yes
819,FORD Expedition,5.4,8,Auto-L6,2WD,Gasoline,SUV,7,12.0,18.0,14.0,2,no
825,FORD Explorer,4.0,6,Auto-L5,2WD,Gasoline,SUV,7,14.0,20.0,16.0,4,no
826,FORD Explorer,4.0,6,Auto-L5,4WD,Gasoline,SUV,7,13.0,19.0,15.0,3,no
827,FORD Explorer,4.6,8,Auto-L6,2WD,Gasoline,SUV,7,13.0,20.0,16.0,4,no
828,FORD Explorer,4.6,8,Auto-L6,2WD,Gasoline,SUV,7,13.0,20.0,16.0,4,no
829,FORD Explorer,4.6,8,Auto-L6,4WD,Gasoline,SUV,7,13.0,19.0,15.0,3,no
830,FORD Explorer,4.6,8,Auto-L6,4WD,Gasoline,SUV,7,13.0,19.0,15.0,3,no
835,FORD Explorer Sport Trac,4.0,6,Auto-L5,2WD,Gasoline,pickup,7,14.0,20.0,16.0,4,no
836,FORD Explorer Sport Trac,4.0,6,Auto-L5,4WD,Gasoline,pickup,7,13.0,19.0,15.0,3,no
837,FORD Explorer Sport Trac,4.6,8,Auto-L6,2WD,Gasoline,pickup,7,13.0,20.0,16.0,4,no
838,FORD Explorer Sport Trac,4.6,8,Auto-L6,2WD,Gasoline,pickup,7,13.0,20.0,16.0,4,no
839,FORD Explorer Sport Trac,4.6,8,Auto-L6,4WD,Gasoline,pickup,7,13.0,19.0,15.0,3,no
840,FORD Explorer Sport Trac,4.6,8,Auto-L6,4WD,Gasoline,pickup,7,13.0,19.0,15.0,3,no
845,FORD F150,5.4,8,Auto-L4,2WD,Gasoline,pickup,7,13.0,17.0,14.0,2,no
846,FORD F150,5.4,8,Auto-L4,4WD,Gasoline,pickup,7,13.0,17.0,14.0,2,no
847,FORD F150,4.2,6,Auto-L4,2WD,Gasoline,pickup,6,14.0,19.0,16.0,4,no
848,FORD F150,4.2,6,Man-5,2WD,Gasoline,pickup,6,14.0,20.0,16.0,4,no
849,FORD F150,4.6,8,Auto-L4,2WD,Gasoline,pickup,6,14.0,19.0,16.0,4,no
850,FORD F150,4.6,8,Auto-L4,4WD,Gasoline,pickup,6,13.0,17.0,14.0,2,no
862,FORD F150 STX SE,5.4,8,Auto-L4,2WD,Gasoline,pickup,7,14.0,19.0,15.0,3,no
863,FORD F150 STX SE,5.4,8,Auto-L4,2WD,Gasoline,pickup,7,14.0,19.0,15.0,3,no
900,FORD Focus,2.0,4,Auto-L4,2WD,Gasoline,small car,9.5,24.0,33.0,28.0,8,yes
901,FORD Focus,2.0,4,Man-5,2WD,Gasoline,small car,9.5,24.0,35.0,28.0,8,yes
906,FORD Fusion,2.3,4,Auto-L5,2WD,Gasoline,midsize car,9.5,20.0,28.0,23.0,7,yes
907,FORD Fusion,3.0,6,Auto-L6,4WD,Gasoline,midsize car,7,17.0,25.0,20.0,6,yes
908,FORD Fusion,3.0,6,Auto-L6,2WD,Gasoline,midsize car,7,18.0,26.0,21.0,6,yes
913,FORD Mustang,4.0,6,Auto-L5,2WD,Gasoline,small car,7,16.0,24.0,19.0,5,no
914,FORD Mustang,4.0,6,Man-5,2WD,Gasoline,small car,7,17.0,26.0,20.0,6,yes
915,FORD Mustang,4.6,8,Auto-L5,2WD,Gasoline,small car,7,15.0,22.0,18.0,5,no
916,FORD Mustang,4.6,8,Man-5,2WD,Gasoline,small car,7,15.0,23.0,18.0,5,no
921,FORD Mustang,4.6,8,Auto-L5,2WD,Gasoline,small car,6,15.0,22.0,18.0,5,no
922,FORD Mustang,4.6,8,Man-5,2WD,Gasoline,small car,6,15.0,23.0,18.0,5,no
924,FORD Mustang,5.4,8,Man-6,2WD,Gasoline,small car,6,14.0,20.0,16.0,4,no
925,FORD Ranger,2.3,4,Auto-L5,2WD,Gasoline,pickup,7,19.0,24.0,21.0,6,yes
926,FORD Ranger,2.3,4,Man-5,2WD,Gasoline,pickup,7,21.0,26.0,23.0,7,yes
927,FORD Ranger,3.0,6,Auto-L5,2WD,Gasoline,pickup,7,15.0,20.0,17.0,4,no
928,FORD Ranger,3.0,6,Man-5,2WD,Gasoline,pickup,7,16.0,22.0,18.0,5,no
929,FORD Ranger,3.0,6,Auto-L5,2WD,Gasoline,pickup,7,15.0,20.0,17.0,4,no
930,FORD Ranger,3.0,6,Man-5,2WD,Gasoline,pickup,7,16.0,22.0,18.0,5,no
931,FORD Ranger,3.0,6,Auto-L5,4WD,Gasoline,pickup,7,14.0,19.0,16.0,4,no
932,FORD Ranger,3.0,6,Man-5,4WD,Gasoline,pickup,7,15.0,20.0,17.0,4,no
945,FORD Ranger,4.0,6,Man-5,2WD,Gasoline,pickup,6,15.0,20.0,17.0,4,no
946,FORD Ranger,4.0,6,Auto-L5,2WD,Gasoline,pickup,6,15.0,20.0,17.0,4,no
947,FORD Ranger,4.0,6,Auto-L5,4WD,Gasoline,pickup,6,14.0,17.0,15.0,3,no
948,FORD Ranger,4.0,6,Man-5,4WD,Gasoline,pickup,6,15.0,19.0,16.0,4,no
949,FORD Taurus,3.5,6,Auto-L6,4WD,Gasoline,large car,9.5,17.0,24.0,19.0,5,no
950,FORD Taurus,3.5,6,Auto-L6,2WD,Gasoline,large car,9.5,18.0,28.0,22.0,6,yes
953,FORD Taurus X,3.5,6,Auto-L6,2WD,Gasoline,SUV,9.5,16.0,24.0,19.0,5,no
954,FORD Taurus X,3.5,6,Auto-L6,4WD,Gasoline,SUV,9.5,15.0,22.0,18.0,5,no
965,GMC Acadia,3.6,6,Auto-L6,2WD,Gasoline,SUV,6,16.0,24.0,19.0,5,no
966,GMC Acadia,3.6,6,Auto-L6,4WD,Gasoline,SUV,6,16.0,22.0,18.0,5,no
988,GMC Envoy,5.3,8,Auto-L4,2WD,Gasoline,SUV,6,14.0,20.0,17.0,4,no
989,GMC Envoy,5.3,8,Auto-L4,4WD,Gasoline,SUV,6,13.0,19.0,16.0,4,no
995,GMC Savana 1500,4.3,6,Auto-L4,2WD,Gasoline,van,6,15.0,20.0,17.0,4,no
1002,GMC Savana 1500,5.3,8,Auto-L4,4WD,Gasoline,van,6,12.0,16.0,14.0,2,no
1003,GMC Savana 1500,5.3,8,Auto-L4,2WD,Gasoline,van,6,12.0,16.0,14.0,2,no
1004,GMC Savana 1500,5.3,8,Auto-L4,4WD,Gasoline,van,6,13.0,17.0,15.0,3,no
1005,GMC Savana 1500,5.3,8,Auto-L4,2WD,Gasoline,van,6,14.0,18.0,15.0,3,no
1006,GMC Savana 1500,5.3,8,Auto-L4,4WD,Gasoline,van,6,12.0,16.0,14.0,2,no
1007,GMC Savana 1500,5.3,8,Auto-L4,2WD,Gasoline,van,6,12.0,16.0,14.0,2,no
1011,GMC Savana 2500,4.3,6,Auto-L4,2WD,Gasoline,van,6,15.0,20.0,17.0,4,no
1016,GMC Savana 2500,5.3,8,Auto-L4,2WD,Gasoline,van,6,12.0,16.0,14.0,2,no
1017,GMC Savana 2500,5.3,8,Auto-L4,4WD,Gasoline,van,6,13.0,17.0,15.0,3,no
1018,GMC Savana 2500,5.3,8,Auto-L4,2WD,Gasoline,van,6,14.0,18.0,15.0,3,no
1019,GMC Savana 2500,5.3,8,Auto-L4,2WD,Gasoline,van,6,12.0,16.0,14.0,2,no
1050,GMC Sierra 15,4.3,6,Auto-L4,2WD,Gasoline,pickup,6,15.0,20.0,17.0,4,no
1051,GMC Sierra 15,4.3,6,Auto-L4,4WD,Gasoline,pickup,6,14.0,18.0,15.0,3,no
1056,GMC Sierra 15,6.0,8,Auto-L4,2WD,Gasoline,pickup,6,13.0,18.0,15.0,3,no
1059,GMC Sierra 15,6.2,8,Auto-L6,2WD,Gasoline,pickup,6,12.0,19.0,15.0,3,no
1060,GMC Sierra 15,6.2,8,Auto-L6,4WD,Gasoline,pickup,6,12.0,18.0,14.0,2,no
1097,GMC Yukon 1500,6.0,8,Auto-L4,2WD,Gasoline,SUV,6,12.0,17.0,14.0,2,no
1100,GMC Yukon 1500,6.2,8,Auto-L6,2WD,Gasoline,SUV,6,12.0,19.0,14.0,2,no
1101,GMC Yukon 1500,6.2,8,Auto-L6,4WD,Gasoline,SUV,6,12.0,18.0,14.0,2,no
1105,GMC Yukon 1500 Hybrid,6.0,8,Auto-AV,2WD,Gasoline,SUV,6,21.0,22.0,21.0,6,no
1106,GMC Yukon 1500 Hybrid,6.0,8,Auto-AV,4WD,Gasoline,SUV,6,20.0,20.0,20.0,6,no
1111,HONDA Accord,2.4,4,Auto-L5,2WD,Gasoline,large car,9.5,21.0,31.0,24.0,7,yes
1112,HONDA Accord,2.4,4,Auto-L5,2WD,Gasoline,small car,9.5,21.0,30.0,24.0,7,yes
1113,HONDA Accord,3.5,6,Auto-L5,2WD,Gasoline,large car,9.5,19.0,29.0,22.0,6,yes
1114,HONDA Accord,3.5,6,Auto-L5,2WD,Gasoline,small car,9.5,19.0,28.0,22.0,6,yes
1119,HONDA Accord,2.4,4,Auto-L5,2WD,Gasoline,large car,7,21.0,31.0,24.0,7,yes
1120,HONDA Accord,2.4,4,Man-5,2WD,Gasoline,large car,7,22.0,31.0,25.0,7,yes
1121,HONDA Accord,2.4,4,Auto-L5,2WD,Gasoline,small car,7,21.0,30.0,24.0,7,yes
1122,HONDA Accord,2.4,4,Man-5,2WD,Gasoline,small car,7,22.0,31.0,25.0,7,yes
1123,HONDA Accord,3.5,6,Auto-L5,2WD,Gasoline,large car,7,19.0,29.0,22.0,6,yes
1124,HONDA Accord,3.5,6,Man-6,2WD,Gasoline,small car,7,17.0,25.0,20.0,6,yes
1125,HONDA Accord,3.5,6,Auto-L5,2WD,Gasoline,small car,7,19.0,28.0,22.0,6,yes
1133,HONDA CR-V,2.4,4,Auto-L5,2WD,Gasoline,SUV,7,20.0,27.0,23.0,7,yes
1134,HONDA CR-V,2.4,4,Auto-L5,4WD,Gasoline,SUV,7,20.0,26.0,22.0,6,yes
1137,HONDA Civic,1.8,4,Auto-L5,2WD,CNG,small car,9.5,24.0,36.0,28.0,9,yes
1139,HONDA Civic,1.8,4,Auto-L5,2WD,Gasoline,small car,7,25.0,36.0,29.0,8,yes
1140,HONDA Civic,1.8,4,Man-5,2WD,Gasoline,small car,7,26.0,34.0,29.0,8,yes
1144,HONDA Civic,2.0,4,Man-6,2WD,Gasoline,small car,6,21.0,29.0,24.0,7,yes
1145,HONDA Civic Hybrid,1.3,4,Auto-AV,2WD,Gasoline,small car,9.5,40.0,45.0,42.0,10,yes
1151,HONDA Element,2.4,4,Man-5,2WD,Gasoline,SUV,6,18.0,23.0,20.0,6,no
1152,HONDA Element,2.4,4,Auto-L5,2WD,Gasoline,SUV,6,20.0,25.0,22.0,6,no
1153,HONDA Element,2.4,4,Man-5,4WD,Gasoline,SUV,6,18.0,23.0,20.0,6,no
1154,HONDA Element,2.4,4,Auto-L5,4WD,Gasoline,SUV,6,19.0,24.0,21.0,6,no
1158,HONDA Fit,1.5,4,Auto-S5,2WD,Gasoline,station wagon,6,27.0,33.0,29.0,8,yes
1159,HONDA Fit,1.5,4,Auto-L5,2WD,Gasoline,station wagon,6,27.0,34.0,30.0,8,yes
1160,HONDA Fit,1.5,4,Man-5,2WD,Gasoline,station wagon,6,28.0,34.0,31.0,9,yes
1161,HONDA Odyssey,3.5,6,Auto-L5,2WD,Gasoline,minivan,7,16.0,23.0,18.0,5,no
1162,HONDA Odyssey,3.5,6,Auto-L5,2WD,Gasoline,minivan,7,17.0,25.0,20.0,6,no
1165,HONDA Pilot,3.5,6,Auto-L5,2WD,Gasoline,SUV,7,16.0,22.0,18.0,5,no
1166,HONDA Pilot,3.5,6,Auto-L5,4WD,Gasoline,SUV,7,15.0,20.0,17.0,4,no
1169,HONDA Ridgeline,3.5,6,Auto-L5,4WD,Gasoline,pickup,7,15.0,20.0,17.0,4,no
1172,HONDA S2000,2.2,4,Man-6,2WD,Gasoline,small car,6,18.0,25.0,21.0,6,no
1179,HUMMER H3,3.7,5,Man-5,4WD,Gasoline,SUV,6,13.0,18.0,15.0,3,no
1180,HUMMER H3,3.7,5,Auto-L4,4WD,Gasoline,SUV,6,14.0,18.0,15.0,3,no
1182,HYUNDAI Accent,1.6,4,Auto-L4,2WD,Gasoline,small car,7,24.0,33.0,28.0,8,yes
1183,HYUNDAI Accent,1.6,4,Man-5,2WD,Gasoline,small car,7,27.0,32.0,29.0,8,yes
1186,HYUNDAI Azera,3.3,6,Auto-L5,2WD,Gasoline,large car,7,18.0,26.0,21.0,6,yes
1187,HYUNDAI Azera,3.8,6,Auto-L5,2WD,Gasoline,large car,7,17.0,26.0,20.0,6,yes
1190,HYUNDAI Elantra,2.0,4,Auto-L4,2WD,Gasoline,midsize car,9.5,25.0,33.0,28.0,8,yes
1191,HYUNDAI Elantra,2.0,4,Man-5,2WD,Gasoline,midsize car,7,24.0,33.0,27.0,8,yes
1192,HYUNDAI Elantra,2.0,4,Auto-L4,2WD,Gasoline,midsize car,7,25.0,33.0,28.0,8,yes
1195,HYUNDAI Entourage,3.8,6,Auto-L5,2WD,Gasoline,minivan,7,16.0,23.0,18.0,5,no
1197,HYUNDAI Santa Fe,2.7,6,Man-5,2WD,Gasoline,SUV,7,17.0,24.0,20.0,6,yes
1198,HYUNDAI Santa Fe,2.7,6,Auto-L4,2WD,Gasoline,SUV,7,18.0,24.0,20.0,6,yes
1199,HYUNDAI Santa Fe,2.7,6,Auto-L4,4WD,Gasoline,SUV,7,17.0,23.0,19.0,5,no
1200,HYUNDAI Santa Fe,2.7,6,Man-5,4WD,Gasoline,SUV,7,17.0,23.0,19.0,5,no
1201,HYUNDAI Santa Fe,3.3,6,Auto-L5,2WD,Gasoline,SUV,7,17.0,24.0,20.0,6,yes
1202,HYUNDAI Santa Fe,3.3,6,Auto-L5,4WD,Gasoline,SUV,7,17.0,24.0,19.0,5,no
1209,HYUNDAI Sonata,2.4,4,Auto-L4,2WD,Gasoline,large car,7,21.0,30.0,24.0,7,yes
1210,HYUNDAI Sonata,2.4,4,Man-5,2WD,Gasoline,large car,7,21.0,31.0,25.0,7,yes
1211,HYUNDAI Sonata,3.3,6,Auto-L5,2WD,Gasoline,large car,7,19.0,28.0,22.0,6,yes
1215,HYUNDAI Tiburon,2.0,4,Auto-L4,2WD,Gasoline,small car,7,20.0,27.0,22.0,6,yes
1216,HYUNDAI Tiburon,2.0,4,Man-5,2WD,Gasoline,small car,7,20.0,28.0,23.0,7,yes
1222,HYUNDAI Tiburon,2.7,6,Man-6,2WD,Gasoline,small car,6,16.0,24.0,19.0,5,no
1223,HYUNDAI Tiburon,2.7,6,Auto-L4,2WD,Gasoline,small car,6,17.0,24.0,20.0,6,no
1224,HYUNDAI Tiburon,2.7,6,Man-5,2WD,Gasoline,small car,6,17.0,24.0,20.0,6,no
1225,HYUNDAI Tucson,2.0,4,Auto-L4,2WD,Gasoline,SUV,7,19.0,25.0,22.0,6,yes
1226,HYUNDAI Tucson,2.0,4,Man-5,2WD,Gasoline,SUV,7,20.0,25.0,22.0,6,yes
1227,HYUNDAI Tucson,2.0,4,Man-5,4WD,Gasoline,SUV,7,19.0,24.0,21.0,6,yes
1233,HYUNDAI Tucson,2.7,6,Auto-L4,2WD,Gasoline,SUV,6,18.0,24.0,20.0,6,no
1234,HYUNDAI Tucson,2.7,6,Auto-L4,4WD,Gasoline,SUV,6,17.0,23.0,19.0,5,no
1237,HYUNDAI Veracruz,3.8,6,Auto-L6,2WD,Gasoline,SUV,6,16.0,23.0,18.0,5,no
1238,HYUNDAI Veracruz,3.8,6,Auto-L6,4WD,Gasoline,SUV,6,15.0,22.0,18.0,5,no
1241,INFINITI FX35,3.5,6,Auto-S5,2WD,Gasoline,SUV,6,15.0,22.0,18.0,5,no
1242,INFINITI FX35,3.5,6,Auto-S5,4WD,Gasoline,SUV,6,15.0,20.0,17.0,4,no
1244,INFINITI FX45,4.5,8,Auto-S5,4WD,Gasoline,SUV,6,13.0,17.0,14.0,2,no
1245,INFINITI G35,3.5,6,Auto-S5,2WD,Gasoline,midsize car,7,17.0,24.0,20.0,6,yes
1246,INFINITI G35,3.5,6,Man-6,2WD,Gasoline,midsize car,7,17.0,25.0,20.0,6,yes
1249,INFINITI G35X,3.5,6,Auto-S5,4WD,Gasoline,midsize car,7,17.0,23.0,19.0,5,no
1251,INFINITI G37,3.7,6,Man-6,2WD,Gasoline,small car,7,17.0,26.0,20.0,6,yes
1252,INFINITI G37,3.7,6,Auto-S5,2WD,Gasoline,small car,7,18.0,24.0,20.0,6,yes
1256,INFINITI M35,3.5,6,Auto-S5,2WD,Gasoline,large car,6,16.0,23.0,19.0,5,no
1258,INFINITI M35X,3.5,6,Auto-S5,4WD,Gasoline,large car,6,16.0,22.0,18.0,5,no
1260,INFINITI M45,4.5,8,Auto-S5,2WD,Gasoline,large car,6,16.0,21.0,18.0,5,no
1262,INFINITI M45X,4.5,8,Auto-S5,4WD,Gasoline,large car,6,14.0,20.0,16.0,4,no
1265,INFINITI QX56,5.6,8,Auto-L5,2WD,Gasoline,SUV,6,12.0,18.0,14.0,2,no
1266,INFINITI QX56,5.6,8,Auto-L5,4WD,Gasoline,SUV,6,12.0,17.0,14.0,2,no
1281,JEEP Commander,3.7,6,Auto-L5,2WD,Gasoline,SUV,6,14.0,19.0,16.0,4,no
1282,JEEP Commander,3.7,6,Auto-L5,4WD,Gasoline,SUV,6,14.0,19.0,16.0,4,no
1283,JEEP Commander,4.7,8,Auto-L5,2WD,Gasoline,SUV,6,14.0,19.0,15.0,3,no
1284,JEEP Commander,4.7,8,Auto-L5,4WD,Gasoline,SUV,6,13.0,18.0,14.0,2,no
1287,JEEP Commander,5.7,8,Auto-L5,2WD,Gasoline,SUV,6,13.0,19.0,15.0,3,no
1288,JEEP Commander,5.7,8,Auto-L5,4WD,Gasoline,SUV,6,13.0,17.0,14.0,2,no
1291,JEEP Compass,2.4,4,Man-5,2WD,Gasoline,SUV,7,23.0,28.0,25.0,7,yes
1292,JEEP Compass,2.4,4,Auto-AV,4WD,Gasoline,SUV,7,21.0,24.0,22.0,6,yes
1293,JEEP Compass,2.4,4,Man-5,4WD,Gasoline,SUV,7,22.0,27.0,24.0,7,yes
1300,JEEP Grand Cherokee,3.7,6,Auto-L5,2WD,Gasoline,SUV,6,15.0,20.0,17.0,4,no
1301,JEEP Grand Cherokee,3.7,6,Auto-L5,4WD,Gasoline,SUV,6,15.0,19.0,17.0,4,no
1302,JEEP Grand Cherokee,4.7,8,Auto-L5,2WD,Gasoline,SUV,6,14.0,19.0,15.0,3,no
1303,JEEP Grand Cherokee,4.7,8,Auto-L5,4WD,Gasoline,SUV,6,14.0,19.0,15.0,3,no
1306,JEEP Grand Cherokee,5.7,8,Auto-L5,2WD,Gasoline,SUV,6,13.0,19.0,15.0,3,no
1307,JEEP Grand Cherokee,5.7,8,Auto-L5,4WD,Gasoline,SUV,6,13.0,18.0,15.0,3,no
1309,JEEP Grand Cherokee,6.1,8,Auto-L5,4WD,Gasoline,SUV,6,11.0,14.0,12.0,0,no
1314,JEEP Liberty,3.7,6,Auto-L4,2WD,Gasoline,SUV,7,16.0,22.0,18.0,5,no
1315,JEEP Liberty,3.7,6,Auto-L4,4WD,Gasoline,SUV,7,15.0,21.0,17.0,4,no
1320,JEEP Liberty,3.7,6,Auto-L4,2WD,Gasoline,SUV,6,16.0,22.0,18.0,5,no
1321,JEEP Liberty,3.7,6,Man-6,2WD,Gasoline,SUV,6,16.0,22.0,19.0,5,no
1322,JEEP Liberty,3.7,6,Auto-L4,4WD,Gasoline,SUV,6,15.0,21.0,17.0,4,no
1323,JEEP Liberty,3.7,6,Man-6,4WD,Gasoline,SUV,6,16.0,22.0,18.0,5,no
1324,JEEP Patriot,2.4,4,Man-5,2WD,Gasoline,SUV,7,23.0,28.0,25.0,7,yes
1325,JEEP Patriot,2.4,4,Auto-AV,4WD,Gasoline,SUV,7,20.0,22.0,21.0,6,yes
1326,JEEP Patriot,2.4,4,Auto-AV,4WD,Gasoline,SUV,7,21.0,24.0,22.0,6,yes
1327,JEEP Patriot,2.4,4,Man-5,4WD,Gasoline,SUV,7,22.0,27.0,24.0,7,yes
1333,JEEP Wrangler,3.8,6,Auto-L4,2WD,Gasoline,SUV,7,15.0,20.0,17.0,4,no
1334,JEEP Wrangler,3.8,6,Man-6,2WD,Gasoline,SUV,7,16.0,21.0,18.0,5,no
1335,JEEP Wrangler,3.8,6,Man-6,4WD,Gasoline,SUV,7,15.0,19.0,16.0,4,no
1336,JEEP Wrangler,3.8,6,Auto-L4,4WD,Gasoline,SUV,7,15.0,19.0,17.0,4,no
1341,KIA Amanti,3.8,6,Auto-L5,2WD,Gasoline,large car,7,17.0,24.0,19.0,5,no
1343,KIA Optima,2.4,4,Auto-L5,2WD,Gasoline,midsize car,7,21.0,31.0,25.0,7,yes
1344,KIA Optima,2.4,4,Man-5,2WD,Gasoline,midsize car,7,21.0,31.0,25.0,7,yes
1347,KIA Rio,1.6,4,Auto-L4,2WD,Gasoline,small car,7,25.0,35.0,29.0,8,yes
1348,KIA Rio,1.6,4,Man-5,2WD,Gasoline,small car,7,27.0,32.0,29.0,8,yes
1351,KIA Rondo,2.4,4,Auto-L4,2WD,Gasoline,station wagon,7,19.0,26.0,22.0,6,yes
1352,KIA Rondo,2.7,6,Auto-L5,2WD,Gasoline,station wagon,7,18.0,26.0,21.0,6,yes
1355,KIA Sedona,3.8,6,Auto-L5,2WD,Gasoline,minivan,7,16.0,23.0,18.0,5,no
1359,KIA Sorento,3.8,6,Auto-L5,2WD,Gasoline,SUV,6,15.0,21.0,17.0,4,no
1360,KIA Sorento,3.8,6,Auto-L5,4WD,Gasoline,SUV,6,15.0,20.0,17.0,4,no
1361,KIA Spectra,2.0,4,Auto-L4,2WD,Gasoline,midsize car,9.5,24.0,32.0,27.0,8,yes
1362,KIA Spectra,2.0,4,Man-5,2WD,Gasoline,midsize car,7,23.0,30.0,26.0,8,yes
1363,KIA Spectra,2.0,4,Auto-L4,2WD,Gasoline,midsize car,7,24.0,32.0,27.0,8,yes
1366,KIA Sportage,2.0,4,Auto-L4,2WD,Gasoline,SUV,7,19.0,25.0,21.0,6,yes
1367,KIA Sportage,2.0,4,Man-5,2WD,Gasoline,SUV,7,20.0,25.0,22.0,6,yes
1368,KIA Sportage,2.0,4,Man-5,4WD,Gasoline,SUV,7,19.0,24.0,21.0,6,yes
1374,KIA Sportage,2.7,6,Auto-L4,2WD,Gasoline,SUV,6,17.0,23.0,20.0,6,no
1375,KIA Sportage,2.7,6,Auto-L4,4WD,Gasoline,SUV,6,17.0,21.0,19.0,5,no
1378,LAMBORGHINI Gallardo Coupe,5.0,10,Man-6,4WD,Gasoline,small car,6,10.0,17.0,13.0,1,no
1379,LAMBORGHINI Gallardo Coupe,5.0,10,Auto-S6,4WD,Gasoline,small car,6,11.0,17.0,13.0,1,no
1382,LAMBORGHINI Gallardo Spyder,5.0,10,Man-6,4WD,Gasoline,small car,6,10.0,15.0,12.0,0,no
1383,LAMBORGHINI Gallardo Spyder,5.0,10,Auto-S6,4WD,Gasoline,small car,6,10.0,16.0,12.0,0,no
1386,LAMBORGHINI Murcielago,6.5,12,Man-6,4WD,Gasoline,small car,6,8.0,13.0,10.0,0,no
1387,LAMBORGHINI Murcielago,6.5,12,Auto-S6,4WD,Gasoline,small car,6,9.0,14.0,11.0,0,no
1389,LAMBORGHINI Murcielago Reventon,6.5,12,Auto-S6,4WD,Gasoline,small car,6,9.0,14.0,11.0,0,no
1392,LAMBORGHINI Murcielago Roadster,6.5,12,Man-6,4WD,Gasoline,small car,6,8.0,13.0,10.0,0,no
1393,LAMBORGHINI Murcielago Roadster,6.5,12,Auto-S6,4WD,Gasoline,small car,6,9.0,14.0,11.0,0,no
1394,LAND ROVER LR2,3.2,6,Auto-S6,4WD,Gasoline,SUV,7,16.0,23.0,18.0,5,no
1396,LAND ROVER LR3,4.4,8,Auto-S6,4WD,Gasoline,SUV,7,12.0,17.0,14.0,2,no
1399,LAND ROVER Range Rover,4.2,8,Auto-S6,4WD,Gasoline,SUV,6,12.0,18.0,14.0,2,no
1401,LAND ROVER Range Rover,4.4,8,Auto-S6,4WD,Gasoline,SUV,6,12.0,18.0,14.0,2,no
1402,LAND ROVER Range Rover Sport,4.4,8,Auto-S6,4WD,Gasoline,SUV,7,12.0,18.0,15.0,3,no
1404,LAND ROVER Range Rover Sport,4.2,8,Auto-S6,4WD,Gasoline,SUV,6,12.0,18.0,14.0,2,no
1406,LEXUS ES 350,3.5,6,Auto-S6,2WD,Gasoline,midsize car,7,19.0,27.0,22.0,6,yes
1408,LEXUS GS 350,3.5,6,Auto-S6,4WD,Gasoline,midsize car,7,18.0,25.0,20.0,6,yes
1409,LEXUS GS 350,3.5,6,Auto-S6,2WD,Gasoline,midsize car,7,19.0,27.0,22.0,6,yes
1412,LEXUS GS 450h,3.5,6,Auto-S6,2WD,Gasoline,small car,9,22.0,25.0,23.0,7,yes
1414,LEXUS GS 460,4.6,8,S8,2WD,Gasoline,midsize car,7,17.0,24.0,20.0,6,yes
1416,LEXUS GX 470,4.7,8,Auto-L5,4WD,Gasoline,SUV,7,14.0,18.0,15.0,3,no
1418,LEXUS IS 250,2.5,6,Man-6,2WD,Gasoline,small car,7,18.0,26.0,21.0,6,yes
1419,LEXUS IS 250,2.5,6,Auto-S6,4WD,Gasoline,small car,7,20.0,26.0,22.0,6,yes
1420,LEXUS IS 250,2.5,6,Auto-S6,2WD,Gasoline,small car,7,21.0,29.0,24.0,7,yes
1424,LEXUS IS 350,3.5,6,Auto-S6,2WD,Gasoline,small car,7,18.0,25.0,20.0,6,yes
1426,LEXUS LS 460,4.6,8,S8,2WD,Gasoline,midsize car,7,16.0,24.0,19.0,5,no
1428,LEXUS LS 460 L,4.6,8,S8,2WD,Gasoline,midsize car,7,16.0,24.0,19.0,5,no
1430,LEXUS LS 600HL,5.0,8,S8,4WD,Gasoline,midsize car,9,20.0,22.0,21.0,6,yes
1432,LEXUS LX 570,5.7,8,Auto-S6,4WD,Gasoline,SUV,7,12.0,18.0,14.0,2,no
1434,LEXUS RX 350,3.5,6,Auto-L5,2WD,Gasoline,SUV,7,18.0,23.0,20.0,6,yes
1435,LEXUS RX 350,3.5,6,Auto-S5,2WD,Gasoline,SUV,7,18.0,23.0,20.0,6,yes
1436,LEXUS RX 350,3.5,6,Auto-L5,4WD,Gasoline,SUV,7,17.0,22.0,19.0,5,no
1437,LEXUS RX 350,3.5,6,Auto-S5,4WD,Gasoline,SUV,7,17.0,22.0,19.0,5,no
1442,LEXUS RX 400H,3.3,6,Auto-AV,2WD,Gasoline,SUV,9,27.0,24.0,25.0,7,yes
1443,LEXUS RX 400H,3.3,6,Auto-AV,4WD,Gasoline,SUV,9,26.0,24.0,25.0,7,yes
1446,LEXUS SC 430,4.3,8,Auto-S6,2WD,Gasoline,small car,6,16.0,23.0,19.0,5,no
1448,LINCOLN MKX,3.5,6,Auto-L6,2WD,Gasoline,SUV,7,16.0,24.0,19.0,5,no
1449,LINCOLN MKX,3.5,6,Auto-L6,4WD,Gasoline,SUV,7,15.0,22.0,18.0,5,no
1452,LINCOLN MKZ,3.5,6,Auto-L6,4WD,Gasoline,midsize car,7,17.0,24.0,19.0,5,no
1453,LINCOLN MKZ,3.5,6,Auto-L6,2WD,Gasoline,midsize car,7,18.0,28.0,22.0,6,yes
1458,LINCOLN Mark LT,5.4,8,Auto-L4,2WD,Gasoline,pickup,7,12.0,16.0,14.0,2,no
1459,LINCOLN Mark LT,5.4,8,Auto-L4,4WD,Gasoline,pickup,7,13.0,17.0,14.0,2,no
1462,LINCOLN Navigator,5.4,8,Auto-L6,2WD,Gasoline,SUV,7,12.0,18.0,14.0,2,no
1468,LOTUS Elise,1.8,4,Man-6,2WD,Gasoline,small car,6,20.0,26.0,22.0,6,no
1469,LOTUS Elise,1.8,4,Man-6,2WD,Gasoline,small car,6,21.0,27.0,23.0,7,no
1472,LOTUS Exige,1.8,4,Man-6,2WD,Gasoline,small car,6,20.0,26.0,22.0,6,no
1473,LOTUS Exige,1.8,4,Man-6,2WD,Gasoline,small car,6,21.0,27.0,23.0,7,no
1475,MASERATI Granturismo,4.2,8,Auto-6,2WD,Gasoline,small car,6,14.0,21.0,17.0,4,no
1477,MASERATI Quattroporte,4.2,8,Auto-6,2WD,Gasoline,large car,6,13.0,19.0,15.0,3,no
1478,MAZDA 3,2.0,4,Auto-S4,2WD,Gasoline,small car,9.5,23.0,31.0,26.0,8,yes
1479,MAZDA 3,2.0,4,Man-5,2WD,Gasoline,small car,9.5,24.0,32.0,27.0,8,yes
1480,MAZDA 3,2.3,4,Auto-S5,2WD,Gasoline,small car,9.5,22.0,29.0,24.0,7,yes
1481,MAZDA 3,2.3,4,Man-5,2WD,Gasoline,small car,9.5,22.0,29.0,25.0,7,yes
1482,MAZDA 3,2.3,4,Man-6,2WD,Gasoline,midsize car,7,18.0,26.0,20.0,6,yes
1490,MAZDA 5,2.3,4,Auto-S5,2WD,Gasoline,minivan,6,21.0,27.0,23.0,7,yes
1491,MAZDA 5,2.3,4,Man-5,2WD,Gasoline,minivan,6,22.0,28.0,24.0,7,yes
1492,MAZDA 6,2.3,4,Auto-S5,2WD,Gasoline,midsize car,9.5,21.0,28.0,24.0,7,yes
1493,MAZDA 6,3.0,6,Man-5,2WD,Gasoline,midsize car,7,17.0,25.0,20.0,6,yes
1494,MAZDA 6,3.0,6,Auto-S6,2WD,Gasoline,midsize car,7,18.0,25.0,20.0,6,yes
1497,MAZDA 6,2.3,4,Auto-S5,2WD,Gasoline,midsize car,6,21.0,28.0,24.0,7,yes
1498,MAZDA 6,2.3,4,Man-5,2WD,Gasoline,midsize car,6,21.0,29.0,24.0,7,yes
1501,MAZDA B2300,2.3,4,Auto-L5,2WD,Gasoline,pickup,7,19.0,24.0,21.0,6,yes
1502,MAZDA B2300,2.3,4,Man-5,2WD,Gasoline,pickup,7,21.0,26.0,23.0,7,yes
1505,MAZDA B3000,3.0,6,Auto-L5,2WD,Gasoline,pickup,7,15.0,20.0,17.0,4,no
1513,MAZDA B4000,4.0,6,Auto-L5,2WD,Gasoline,pickup,6,15.0,20.0,17.0,4,no
1514,MAZDA B4000,4.0,6,Auto-L5,4WD,Gasoline,pickup,6,14.0,17.0,15.0,3,no
1515,MAZDA B4000,4.0,6,Man-5,4WD,Gasoline,pickup,6,15.0,19.0,16.0,4,no
1518,MAZDA CX-7,2.3,4,Auto-S6,2WD,Gasoline,SUV,6,17.0,23.0,19.0,5,no
1519,MAZDA CX-7,2.3,4,Auto-S6,4WD,Gasoline,SUV,6,16.0,22.0,18.0,5,no
1520,MAZDA CX-9,3.7,6,Auto-S6,2WD,Gasoline,SUV,7,16.0,22.0,18.0,5,no
1521,MAZDA CX-9,3.7,6,Auto-S6,4WD,Gasoline,SUV,7,15.0,21.0,17.0,4,no
1524,MAZDA MX-5,2.0,4,Auto-S6,2WD,Gasoline,small car,7,20.0,27.0,23.0,7,yes
1525,MAZDA MX-5,2.0,4,Man-6,2WD,Gasoline,small car,7,21.0,28.0,24.0,7,yes
1526,MAZDA MX-5,2.0,4,Man-5,2WD,Gasoline,small car,7,22.0,27.0,24.0,7,yes
1532,MAZDA RX-8,1.3,2,Man-6,2WD,Gasoline,small car,6,16.0,22.0,18.0,5,no
1533,MAZDA RX-8,1.3,2,Auto-S6,2WD,Gasoline,small car,6,16.0,23.0,19.0,5,no
1534,MAZDA Tribute,2.3,4,Man-5,2WD,Gasoline,SUV,7,22.0,28.0,24.0,7,yes
1538,MAZDA Tribute,2.3,4,Auto-L4,2WD,Gasoline,SUV,6,20.0,26.0,22.0,6,no
1539,MAZDA Tribute,2.3,4,Auto-L4,4WD,Gasoline,SUV,6,19.0,24.0,21.0,6,no
1542,MAZDA Tribute,3.0,6,Auto-L4,2WD,Gasoline,SUV,6,18.0,24.0,20.0,6,no
1543,MAZDA Tribute,3.0,6,Auto-L4,4WD,Gasoline,SUV,6,17.0,22.0,19.0,5,no
1544,MAZDA Tribute Hybrid,2.3,4,Auto-AV,2WD,Gasoline,SUV,9.5,34.0,30.0,32.0,9,yes
1545,MAZDA Tribute Hybrid,2.3,4,Auto-AV,4WD,Gasoline,SUV,9.5,29.0,27.0,28.0,8,yes
1552,MERCEDES-BENZ CL550,5.5,8,Auto-L7,2WD,Gasoline,small car,7,14.0,21.0,17.0,4,no
1555,MERCEDES-BENZ CL600,5.5,12,Auto-L5,2WD,Gasoline,small car,6,11.0,17.0,13.0,1,no
1557,MERCEDES-BENZ CL63 AMG,6.2,8,Auto-S7,2WD,Gasoline,small car,6,11.0,18.0,14.0,2,no
1559,MERCEDES-BENZ CL65 AMG,5.5,12,Auto-S5,2WD,Gasoline,small car,6,11.0,17.0,13.0,1,no
1565,MERCEDES-BENZ CLK63 AMG,6.2,8,Auto-S7,2WD,Gasoline,small car,6,12.0,19.0,14.0,2,no
1567,MERCEDES-BENZ CLK63 AMG Cabriolet,6.2,8,Auto-S7,2WD,Gasoline,small car,6,12.0,18.0,14.0,2,no
1570,MERCEDES-BENZ CLS63 AMG,6.2,8,Auto-S7,2WD,Gasoline,small car,6,12.0,18.0,14.0,2,no
1572,MERCEDES-BENZ E350,3.5,6,Auto-L7,2WD,Gasoline,midsize car,9.5,17.0,24.0,19.0,5,no
1576,MERCEDES-BENZ E550 4Matic,5.5,8,Auto-L7,4WD,Gasoline,midsize car,7,13.0,19.0,16.0,4,no
1579,MERCEDES-BENZ E63 AMG,6.2,8,Auto-S7,2WD,Gasoline,midsize car,6,12.0,19.0,15.0,3,no
1581,MERCEDES-BENZ E63 AMG Wagon,6.2,8,Auto-S7,2WD,Gasoline,station wagon,6,12.0,18.0,14.0,2,no
1583,MERCEDES-BENZ G500,5.0,8,Auto-L7,4WD,Gasoline,SUV,6,12.0,15.0,13.0,1,no
1585,MERCEDES-BENZ G55 AMG,5.4,8,Auto-L5,4WD,Gasoline,SUV,6,11.0,13.0,12.0,0,no
1587,MERCEDES-BENZ GL450 4Matic,4.6,8,Auto-L7,4WD,Gasoline,SUV,7,13.0,18.0,15.0,3,no
1589,MERCEDES-BENZ GL550 4Matic,5.5,8,Auto-L7,4WD,Gasoline,SUV,7,13.0,17.0,14.0,2,no
1592,MERCEDES-BENZ ML350 4Matic,3.5,6,Auto-L7,4WD,Gasoline,SUV,7,15.0,20.0,17.0,4,no
1594,MERCEDES-BENZ ML550 4Matic,5.5,8,Auto-L7,4WD,Gasoline,SUV,7,13.0,18.0,15.0,3,no
1597,MERCEDES-BENZ Maybach 57,5.5,12,Auto-L5,2WD,Gasoline,large car,6,10.0,16.0,12.0,0,no
1599,MERCEDES-BENZ Maybach 57S,6.0,12,Auto-L5,2WD,Gasoline,large car,6,10.0,16.0,12.0,0,no
1601,MERCEDES-BENZ Maybach 62,5.5,12,Auto-L5,2WD,Gasoline,large car,6,10.0,16.0,12.0,0,no
1603,MERCEDES-BENZ Maybach 62S,6.0,12,Auto-L5,2WD,Gasoline,large car,6,10.0,16.0,12.0,0,no
1605,MERCEDES-BENZ R350,3.5,6,Auto-L7,2WD,Gasoline,SUV,7,15.0,20.0,17.0,4,no
1607,MERCEDES-BENZ R350 4Matic,3.5,6,Auto-L7,4WD,Gasoline,SUV,7,15.0,19.0,16.0,4,no
1609,MERCEDES-BENZ S550,5.5,8,Auto-L7,2WD,Gasoline,large car,7,14.0,21.0,16.0,4,no
1611,MERCEDES-BENZ S550 4Matic,5.5,8,Auto-L7,4WD,Gasoline,large car,7,14.0,20.0,16.0,4,no
1614,MERCEDES-BENZ S600,5.5,12,Auto-L5,2WD,Gasoline,large car,6,11.0,17.0,13.0,1,no
1616,MERCEDES-BENZ S63 AMG,6.2,8,Auto-S7,2WD,Gasoline,large car,6,11.0,17.0,13.0,1,no
1618,MERCEDES-BENZ S65 AMG,6.0,12,Auto-S5,2WD,Gasoline,large car,6,11.0,17.0,13.0,1,no
1620,MERCEDES-BENZ SL55 AMG,5.4,8,Auto-S5,2WD,Gasoline,small car,6,12.0,17.0,14.0,2,no
1621,MERCEDES-BENZ SL550,5.5,8,Auto-L7,2WD,Gasoline,small car,7,14.0,21.0,16.0,4,no
1624,MERCEDES-BENZ SL600,5.5,12,Auto-L5,2WD,Gasoline,small car,6,11.0,18.0,14.0,2,no
1626,MERCEDES-BENZ SL65 AMG,6.0,12,Auto-S5,2WD,Gasoline,small car,6,11.0,18.0,14.0,2,no
1632,MERCEDES-BENZ SLK55 AMG,5.4,8,Auto-S7,2WD,Gasoline,small car,6,14.0,20.0,16.0,4,no
1634,MERCEDES-BENZ SLR,5.4,8,Auto-S5,2WD,Gasoline,small car,6,12.0,16.0,13.0,1,no
1638,MERCURY Mariner,2.3,4,Auto-L4,2WD,Gasoline,SUV,6,20.0,26.0,22.0,6,no
1639,MERCURY Mariner,2.3,4,Auto-L4,4WD,Gasoline,SUV,6,19.0,24.0,21.0,6,no
1642,MERCURY Mariner,3.0,6,Auto-L4,2WD,Gasoline,SUV,6,18.0,24.0,20.0,6,no
1643,MERCURY Mariner,3.0,6,Auto-L4,4WD,Gasoline,SUV,6,17.0,22.0,19.0,5,no
1644,MERCURY Mariner Hybrid,2.3,4,Auto-AV,2WD,Gasoline,SUV,9.5,34.0,30.0,32.0,9,yes
1645,MERCURY Mariner Hybrid,2.3,4,Auto-AV,4WD,Gasoline,SUV,9.5,29.0,27.0,28.0,8,yes
1648,MERCURY Milan,2.3,4,Auto-L5,2WD,Gasoline,midsize car,9.5,20.0,28.0,23.0,7,yes
1649,MERCURY Milan,3.0,6,Auto-L6,4WD,Gasoline,midsize car,7,17.0,25.0,20.0,6,yes
1650,MERCURY Milan,3.0,6,Auto-L6,2WD,Gasoline,midsize car,7,18.0,26.0,21.0,6,yes
1657,MERCURY Mountaineer,4.0,6,Auto-L5,2WD,Gasoline,SUV,7,14.0,20.0,16.0,4,no
1658,MERCURY Mountaineer,4.0,6,Auto-L5,4WD,Gasoline,SUV,7,13.0,19.0,15.0,3,no
1659,MERCURY Mountaineer,4.6,8,Auto-L6,2WD,Gasoline,SUV,7,13.0,20.0,16.0,4,no
1660,MERCURY Mountaineer,4.6,8,Auto-L6,2WD,Gasoline,SUV,7,13.0,20.0,16.0,4,no
1661,MERCURY Mountaineer,4.6,8,Auto-L6,4WD,Gasoline,SUV,7,13.0,19.0,15.0,3,no
1662,MERCURY Mountaineer,4.6,8,Auto-L6,4WD,Gasoline,SUV,7,13.0,19.0,15.0,3,no
1665,MERCURY Sable,3.5,6,Auto-L6,4WD,Gasoline,large car,9.5,17.0,24.0,19.0,5,no
1666,MERCURY Sable,3.5,6,Auto-L6,2WD,Gasoline,large car,9.5,18.0,28.0,22.0,6,yes
1671,MINI Mini Cooper Convertible,1.6,4,Auto-AV,2WD,Gasoline,small car,6,25.0,33.0,28.0,8,yes
1672,MINI Mini Cooper Convertible,1.6,4,Man-5,2WD,Gasoline,small car,6,26.0,35.0,29.0,8,yes
1675,MINI Mini Cooper S Convertible,1.6,4,Auto-S6,2WD,Gasoline,small car,6,22.0,31.0,26.0,8,yes
1676,MINI Mini Cooper S Convertible,1.6,4,Man-6,2WD,Gasoline,small car,6,24.0,31.0,27.0,8,yes
1677,MITSUBISHI Eclipse,2.4,4,Auto-S4,2WD,Gasoline,small car,7,20.0,26.0,22.0,6,yes
1678,MITSUBISHI Eclipse,2.4,4,Man-5,2WD,Gasoline,small car,7,20.0,28.0,23.0,7,yes
1685,MITSUBISHI Eclipse,3.8,6,Man-6,2WD,Gasoline,small car,6,16.0,25.0,19.0,5,no
1686,MITSUBISHI Eclipse,3.8,6,Man-6,2WD,Gasoline,small car,6,16.0,25.0,19.0,5,no
1687,MITSUBISHI Eclipse,3.8,6,Auto-S5,2WD,Gasoline,small car,6,17.0,25.0,20.0,6,no
1688,MITSUBISHI Eclipse,3.8,6,Auto-S5,2WD,Gasoline,small car,6,17.0,25.0,20.0,6,no
1689,MITSUBISHI Eclipse Spyder,2.4,4,Auto-S4,2WD,Gasoline,small car,7,19.0,26.0,22.0,6,yes
1690,MITSUBISHI Eclipse Spyder,2.4,4,Man-5,2WD,Gasoline,small car,7,19.0,26.0,22.0,6,yes
1697,MITSUBISHI Eclipse Spyder,3.8,6,Auto-S5,2WD,Gasoline,small car,6,16.0,24.0,19.0,5,no
1698,MITSUBISHI Eclipse Spyder,3.8,6,Auto-S5,2WD,Gasoline,small car,6,16.0,24.0,19.0,5,no
1699,MITSUBISHI Eclipse Spyder,3.8,6,Man-6,2WD,Gasoline,small car,6,16.0,25.0,19.0,5,no
1700,MITSUBISHI Eclipse Spyder,3.8,6,Man-6,2WD,Gasoline,small car,6,16.0,25.0,19.0,5,no
1703,MITSUBISHI Endeavor,3.8,6,Auto-S4,2WD,Gasoline,SUV,6,15.0,22.0,18.0,5,no
1704,MITSUBISHI Endeavor,3.8,6,Auto-S4,4WD,Gasoline,SUV,6,15.0,19.0,17.0,4,no
1705,MITSUBISHI Galant,2.4,4,Auto-S4,2WD,Gasoline,midsize car,9.5,20.0,27.0,23.0,7,yes
1709,MITSUBISHI Galant,3.8,6,Auto-S5,2WD,Gasoline,midsize car,6,17.0,25.0,20.0,6,no
1710,MITSUBISHI Galant,3.8,6,Auto-S5,2WD,Gasoline,midsize car,6,17.0,25.0,20.0,6,no
1711,MITSUBISHI Lancer,2.0,4,Man-5,2WD,Gasoline,small car,9.5,21.0,29.0,24.0,7,yes
1712,MITSUBISHI Lancer,2.0,4,Auto-AV,2WD,Gasoline,small car,9.5,22.0,29.0,24.0,7,yes
1715,MITSUBISHI Outlander,3.0,6,Auto-S6,2WD,Gasoline,SUV,9.5,17.0,25.0,20.0,6,yes
1716,MITSUBISHI Outlander,3.0,6,Auto-S6,4WD,Gasoline,SUV,9.5,17.0,24.0,20.0,6,yes
1719,MITSUBISHI Outlander,2.4,4,Auto-AV,2WD,Gasoline,SUV,6,20.0,25.0,22.0,6,no
1720,MITSUBISHI Outlander,2.4,4,Auto-AV,4WD,Gasoline,SUV,6,20.0,25.0,22.0,6,no
1723,MITSUBISHI Raider,3.7,6,Auto-L4,2WD,Gasoline,pickup,7,15.0,20.0,17.0,4,no
1724,MITSUBISHI Raider,3.7,6,Auto-L4,4WD,Gasoline,pickup,7,14.0,18.0,15.0,3,no
1725,MITSUBISHI Raider,4.7,8,Auto-L5,2WD,Gasoline,pickup,7,14.0,19.0,15.0,3,no
1726,MITSUBISHI Raider,4.7,8,Auto-L5,4WD,Gasoline,pickup,7,14.0,19.0,15.0,3,no
1730,MITSUBISHI Raider,3.7,6,Auto-L4,2WD,Gasoline,pickup,6,15.0,20.0,17.0,4,no
1731,MITSUBISHI Raider,3.7,6,Man-6,2WD,Gasoline,pickup,6,16.0,20.0,18.0,5,no
1732,MITSUBISHI Raider,3.7,6,Auto-L4,4WD,Gasoline,pickup,6,14.0,18.0,15.0,3,no
1735,NISSAN 350Z,3.5,6,Auto-S5,2WD,Gasoline,small car,7,17.0,24.0,20.0,6,yes
1736,NISSAN 350Z,3.5,6,Man-6,2WD,Gasoline,small car,7,18.0,25.0,20.0,6,yes
1739,NISSAN 350Z Roadster,3.5,6,Auto-S5,2WD,Gasoline,small car,7,17.0,23.0,19.0,5,no
1740,NISSAN 350Z Roadster,3.5,6,Man-6,2WD,Gasoline,small car,7,17.0,24.0,20.0,6,yes
1743,NISSAN Altima,2.5,4,Auto-AV,2WD,Gasoline,midsize car,9.5,23.0,31.0,26.0,8,yes
1744,NISSAN Altima,2.5,4,Man-6,2WD,Gasoline,midsize car,9.5,23.0,32.0,26.0,8,yes
1745,NISSAN Altima,2.5,4,Auto-AV,2WD,Gasoline,small car,9.5,23.0,31.0,26.0,8,yes
1746,NISSAN Altima,2.5,4,Man-6,2WD,Gasoline,small car,9.5,23.0,32.0,26.0,8,yes
1747,NISSAN Altima,3.5,6,Auto-AV,2WD,Gasoline,midsize car,7,19.0,26.0,22.0,6,yes
1748,NISSAN Altima,3.5,6,Man-6,2WD,Gasoline,midsize car,7,19.0,27.0,22.0,6,yes
1749,NISSAN Altima,3.5,6,Auto-AV,2WD,Gasoline,small car,7,19.0,26.0,22.0,6,yes
1750,NISSAN Altima,3.5,6,Man-6,2WD,Gasoline,small car,7,19.0,27.0,22.0,6,yes
1755,NISSAN Altima,2.5,4,Auto-AV,2WD,Gasoline,midsize car,6,23.0,31.0,26.0,8,yes
1756,NISSAN Altima,2.5,4,Man-6,2WD,Gasoline,midsize car,6,23.0,32.0,26.0,8,yes
1757,NISSAN Altima,2.5,4,Auto-AV,2WD,Gasoline,small car,6,23.0,31.0,26.0,8,yes
1758,NISSAN Altima,2.5,4,Man-6,2WD,Gasoline,small car,6,23.0,32.0,26.0,8,yes
1763,NISSAN Altima Hybrid,2.5,4,Auto-AV,2WD,Gasoline,midsize car,9.5,35.0,33.0,34.0,9,yes
1768,NISSAN Armada,5.6,8,Auto-L5,2WD,Gasoline,SUV,6,12.0,18.0,14.0,2,no
1769,NISSAN Armada,5.6,8,Auto-L5,4WD,Gasoline,SUV,6,12.0,17.0,14.0,2,no
1770,NISSAN Frontier,2.5,4,Auto-L5,2WD,Gasoline,pickup,7,17.0,22.0,19.0,5,no
1771,NISSAN Frontier,2.5,4,Man-5,2WD,Gasoline,pickup,7,19.0,23.0,21.0,6,yes
1772,NISSAN Frontier,4.0,6,Auto-L5,2WD,Gasoline,pickup,7,15.0,20.0,17.0,4,no
1773,NISSAN Frontier,4.0,6,Man-6,2WD,Gasoline,pickup,7,16.0,20.0,17.0,4,no
1774,NISSAN Frontier,4.0,6,Auto-L5,4WD,Gasoline,pickup,7,14.0,19.0,16.0,4,no
1775,NISSAN Frontier,4.0,6,Man-6,4WD,Gasoline,pickup,7,15.0,19.0,17.0,4,no
1782,NISSAN Maxima,3.5,6,Auto-AV,2WD,Gasoline,midsize car,7,19.0,25.0,21.0,6,yes
1784,NISSAN Pathfinder,4.0,6,Auto-L5,2WD,Gasoline,SUV,7,15.0,22.0,17.0,4,no
1785,NISSAN Pathfinder,4.0,6,Auto-L5,4WD,Gasoline,SUV,7,14.0,20.0,16.0,4,no
1790,NISSAN Pathfinder,5.6,8,Auto-S5,2WD,Gasoline,SUV,6,13.0,18.0,15.0,3,no
1791,NISSAN Pathfinder,5.6,8,Auto-S5,4WD,Gasoline,SUV,6,12.0,18.0,14.0,2,no
1792,NISSAN Quest,3.5,6,Auto-L5,2WD,Gasoline,minivan,7,16.0,24.0,19.0,5,no
1794,NISSAN Rogue,2.5,4,Auto-AV,2WD,Gasoline,SUV,9,22.0,27.0,24.0,7,yes
1795,NISSAN Rogue,2.5,4,Auto-AV,4WD,Gasoline,SUV,9,21.0,26.0,23.0,7,yes
1798,NISSAN Rogue,2.5,4,Auto-AV,2WD,Gasoline,SUV,6,22.0,27.0,24.0,7,yes
1799,NISSAN Rogue,2.5,4,Auto-AV,4WD,Gasoline,SUV,6,21.0,26.0,23.0,7,yes
1800,NISSAN Sentra,2.0,4,Man-6,2WD,Gasoline,midsize car,7,24.0,31.0,27.0,8,yes
1801,NISSAN Sentra,2.0,4,Auto-AV,2WD,Gasoline,midsize car,7,25.0,33.0,28.0,8,yes
1806,NISSAN Sentra,2.5,4,Man-6,2WD,Gasoline,midsize car,6,21.0,29.0,24.0,7,yes
1807,NISSAN Sentra,2.5,4,Auto-AV,2WD,Gasoline,midsize car,6,24.0,30.0,26.0,8,yes
1812,NISSAN Titan,5.6,8,Auto-L5,2WD,Gasoline,pickup,6,12.0,17.0,14.0,2,no
1813,NISSAN Titan,5.6,8,Auto-L5,4WD,Gasoline,pickup,6,12.0,17.0,14.0,2,no
1814,NISSAN Versa,1.8,4,Auto-L4,2WD,Gasoline,midsize car,7,24.0,32.0,27.0,8,yes
1815,NISSAN Versa,1.8,4,Man-6,2WD,Gasoline,midsize car,7,26.0,31.0,28.0,8,yes
1816,NISSAN Versa,1.8,4,Auto-AV,2WD,Gasoline,midsize car,7,27.0,33.0,29.0,8,yes
1820,NISSAN Xterra,4.0,6,Auto-L5,2WD,Gasoline,SUV,7,15.0,20.0,17.0,4,no
1821,NISSAN Xterra,4.0,6,Man-6,2WD,Gasoline,SUV,7,16.0,20.0,17.0,4,no
1822,NISSAN Xterra,4.0,6,Auto-L5,4WD,Gasoline,SUV,7,14.0,20.0,16.0,4,no
1823,NISSAN Xterra,4.0,6,Man-6,4WD,Gasoline,SUV,7,16.0,20.0,17.0,4,no
1828,PONTIAC G5,2.2,4,Auto-L4,2WD,Gasoline,small car,9.5,22.0,31.0,26.0,8,yes
1829,PONTIAC G5,2.2,4,Man-5,2WD,Gasoline,small car,9.5,24.0,33.0,27.0,8,yes
1832,PONTIAC G5,2.2,4,Auto-L4,2WD,Gasoline,small car,6,22.0,31.0,26.0,8,yes
1833,PONTIAC G5,2.2,4,Man-5,2WD,Gasoline,small car,6,24.0,33.0,27.0,8,yes
1836,PONTIAC G5,2.4,4,Auto-L4,2WD,Gasoline,small car,6,22.0,31.0,25.0,7,yes
1837,PONTIAC G5,2.4,4,Man-5,2WD,Gasoline,small car,6,22.0,32.0,26.0,8,yes
1838,PONTIAC G6,3.5,6,Auto-S4,2WD,Gasoline,small car,7,17.0,26.0,20.0,6,yes
1839,PONTIAC G6,3.5,6,Auto-L4,2WD,Gasoline,small car,7,18.0,29.0,22.0,6,yes
1841,PONTIAC G6,2.4,4,Auto-L4,2WD,Gasoline,small car,6,22.0,30.0,25.0,7,yes
1845,PONTIAC G6,3.5,6,Auto-S4,2WD,Gasoline,small car,6,17.0,26.0,20.0,6,no
1847,PONTIAC G6,3.6,6,Auto-S6,2WD,Gasoline,small car,6,17.0,26.0,20.0,6,no
1849,PONTIAC G6,3.9,6,Auto-S4,2WD,Gasoline,small car,6,15.0,22.0,18.0,5,no
1851,PONTIAC G8,6.0,8,Auto-S6,2WD,Gasoline,large car,6,15.0,24.0,18.0,5,no
1852,PONTIAC Grand Prix,3.8,6,Auto-L4,2WD,Gasoline,midsize car,9.5,18.0,28.0,21.0,6,yes
1855,PONTIAC Grand Prix,5.3,8,Auto-S4,2WD,Gasoline,midsize car,6,16.0,25.0,19.0,5,no
1856,PONTIAC Pursuit,2.2,4,Auto-L4,2WD,Gasoline,small car,9.5,22.0,31.0,26.0,8,yes
1857,PONTIAC Pursuit,2.2,4,Man-5,2WD,Gasoline,small car,9.5,24.0,33.0,27.0,8,yes
1860,PONTIAC Pursuit,2.2,4,Auto-L4,2WD,Gasoline,small car,6,22.0,31.0,26.0,8,yes
1861,PONTIAC Pursuit,2.2,4,Man-5,2WD,Gasoline,small car,6,24.0,33.0,27.0,8,yes
1864,PONTIAC Pursuit,2.4,4,Auto-L4,2WD,Gasoline,small car,6,22.0,31.0,25.0,7,yes
1865,PONTIAC Pursuit,2.4,4,Man-5,2WD,Gasoline,small car,6,22.0,32.0,26.0,8,yes
1868,PONTIAC Solstice,2.0,4,Auto-L5,2WD,Gasoline,small car,6,19.0,26.0,21.0,6,no
1869,PONTIAC Solstice,2.0,4,Man-5,2WD,Gasoline,small car,6,19.0,28.0,22.0,6,no
1872,PONTIAC Solstice,2.4,4,Auto-L5,2WD,Gasoline,small car,6,19.0,24.0,21.0,6,no
1873,PONTIAC Solstice,2.4,4,Man-5,2WD,Gasoline,small car,6,19.0,25.0,21.0,6,no
1874,PONTIAC Torrent,3.4,6,Auto-L5,2WD,Gasoline,SUV,7,17.0,24.0,19.0,5,no
1875,PONTIAC Torrent,3.4,6,Auto-L5,4WD,Gasoline,SUV,7,17.0,24.0,19.0,5,no
1880,PONTIAC Torrent,3.6,6,Auto-S6,2WD,Gasoline,SUV,6,16.0,24.0,19.0,5,no
1881,PONTIAC Torrent,3.6,6,Auto-S6,4WD,Gasoline,SUV,6,16.0,24.0,19.0,5,no
1882,PONTIAC Vibe,1.8,4,Auto-L4,2WD,Gasoline,station wagon,7,25.0,31.0,27.0,8,yes
1883,PONTIAC Vibe,1.8,4,Man-5,2WD,Gasoline,station wagon,7,26.0,33.0,29.0,8,yes
1887,PORSCHE 911 GT2,3.6,6,Man-6,2WD,Gasoline,small car,6,16.0,23.0,19.0,5,no
1889,PORSCHE 911 GT3,3.6,6,Man-6,2WD,Gasoline,small car,6,15.0,22.0,18.0,5,no
1891,PORSCHE 911 GT3 RS,3.6,6,Man-6,2WD,Gasoline,small car,6,15.0,22.0,18.0,5,no
1894,PORSCHE 911 Turbo,3.6,6,Auto-L5,4WD,Gasoline,small car,6,15.0,23.0,18.0,5,no
1895,PORSCHE 911 Turbo,3.6,6,Man-6,4WD,Gasoline,small car,6,16.0,23.0,18.0,5,no
1898,PORSCHE 911 Turbo Cabriolet,3.6,6,Auto-L5,4WD,Gasoline,small car,6,15.0,23.0,18.0,5,no
1899,PORSCHE 911 Turbo Cabriolet,3.6,6,Man-6,4WD,Gasoline,small car,6,15.0,24.0,18.0,5,no
1900,PORSCHE Boxster,2.7,6,Auto-L5,2WD,Gasoline,small car,7,19.0,26.0,21.0,6,yes
1901,PORSCHE Boxster,2.7,6,Man-6,2WD,Gasoline,small car,7,19.0,28.0,22.0,6,yes
1902,PORSCHE Boxster,2.7,6,Man-5,2WD,Gasoline,small car,7,20.0,29.0,23.0,7,yes
1906,PORSCHE Boxster S,3.4,6,Auto-L5,2WD,Gasoline,small car,7,18.0,25.0,21.0,6,yes
1907,PORSCHE Boxster S,3.4,6,Man-6,2WD,Gasoline,small car,7,18.0,26.0,21.0,6,yes
1914,PORSCHE Carrera Cabriolet,3.6,6,Auto-L5,4WD,Gasoline,small car,6,17.0,24.0,19.0,5,no
1915,PORSCHE Carrera Cabriolet,3.6,6,Man-6,4WD,Gasoline,small car,6,17.0,25.0,20.0,6,no
1916,PORSCHE Carrera Cabriolet,3.6,6,Auto-L5,2WD,Gasoline,small car,6,18.0,24.0,20.0,6,no
1917,PORSCHE Carrera Cabriolet,3.6,6,Man-6,2WD,Gasoline,small car,6,18.0,26.0,21.0,6,no
1922,PORSCHE Carrera Coupe,3.6,6,Auto-L5,4WD,Gasoline,small car,6,17.0,24.0,19.0,5,no
1923,PORSCHE Carrera Coupe,3.6,6,Man-6,4WD,Gasoline,small car,6,17.0,25.0,20.0,6,no
1924,PORSCHE Carrera Coupe,3.6,6,Auto-L5,2WD,Gasoline,small car,6,18.0,24.0,20.0,6,no
1925,PORSCHE Carrera Coupe,3.6,6,Man-6,2WD,Gasoline,small car,6,18.0,26.0,21.0,6,no
1928,PORSCHE Carrera Targa,3.6,6,Auto-L5,4WD,Gasoline,small car,6,17.0,24.0,19.0,5,no
1929,PORSCHE Carrera Targa,3.6,6,Man-6,4WD,Gasoline,small car,6,17.0,25.0,20.0,6,no
1932,PORSCHE Cayenne,3.6,6,Man-6,4WD,Gasoline,SUV,6,14.0,20.0,16.0,4,no
1933,PORSCHE Cayenne,3.6,6,Auto-L6,4WD,Gasoline,SUV,6,14.0,20.0,16.0,4,no
1936,PORSCHE Cayenne S,4.8,8,Auto-L6,4WD,Gasoline,SUV,7,13.0,19.0,15.0,3,no
1940,PORSCHE Cayenne Turbo,4.8,8,Auto-L6,4WD,Gasoline,SUV,6,12.0,19.0,14.0,2,no
1942,PORSCHE Cayman,2.7,6,Auto-L5,2WD,Gasoline,small car,7,19.0,26.0,21.0,6,yes
1943,PORSCHE Cayman,2.7,6,Man-6,2WD,Gasoline,small car,7,19.0,28.0,22.0,6,yes
1944,PORSCHE Cayman,2.7,6,Man-5,2WD,Gasoline,small car,7,20.0,29.0,23.0,7,yes
1948,PORSCHE Cayman S,3.4,6,Auto-L5,2WD,Gasoline,small car,7,18.0,25.0,21.0,6,yes
1949,PORSCHE Cayman S,3.4,6,Man-6,2WD,Gasoline,small car,7,18.0,26.0,21.0,6,yes
1954,ROLLS-ROYCE Phantom,6.7,12,Auto-S6,2WD,Gasoline,midsize car,6,13.0,19.0,15.0,3,no
1955,ROLLS-ROYCE Phantom,6.7,12,Auto-S6,2WD,Gasoline,small car,6,13.0,19.0,15.0,3,no
1958,ROUSH Stage 3 F150,5.4,8,Auto-L4,2WD,Gasoline,pickup,7,11.0,15.0,13.0,1,no
1959,ROUSH Stage 3 F150,5.4,8,Auto-L4,4WD,Gasoline,pickup,7,11.0,15.0,13.0,1,no
1960,ROUSH Stage 3 Mustang,4.6,8,Auto-L5,2WD,Gasoline,small car,7,14.0,20.0,16.0,4,no
1961,ROUSH Stage 3 Mustang,4.6,8,Man-5,2WD,Gasoline,small car,7,15.0,20.0,17.0,4,no
1966,SAAB 9-3 Convertible,2.0,4,Auto-S5,2WD,Gasoline,small car,6,18.0,24.0,20.0,6,no
1967,SAAB 9-3 Convertible,2.0,4,Man-6,2WD,Gasoline,small car,6,18.0,27.0,22.0,6,no
1970,SAAB 9-3 Convertible,2.8,6,Auto-S6,2WD,Gasoline,small car,6,15.0,24.0,18.0,5,no
1971,SAAB 9-3 Convertible,2.8,6,Man-6,2WD,Gasoline,small car,6,16.0,26.0,19.0,5,no
1974,SAAB 9-3 Sport Sedan,2.0,4,Auto-S5,2WD,Gasoline,small car,6,19.0,26.0,21.0,6,no
1975,SAAB 9-3 Sport Sedan,2.0,4,Man-6,2WD,Gasoline,small car,6,19.0,29.0,23.0,7,yes
1978,SAAB 9-3 Sport Sedan,2.8,6,Auto-S6,2WD,Gasoline,small car,6,15.0,24.0,18.0,5,no
1979,SAAB 9-3 Sport Sedan,2.8,6,Man-6,2WD,Gasoline,small car,6,16.0,26.0,19.0,5,no
1982,SAAB 9-3 Sportcombi,2.0,4,Auto-S5,2WD,Gasoline,station wagon,6,18.0,24.0,20.0,6,no
1983,SAAB 9-3 Sportcombi,2.0,4,Man-6,2WD,Gasoline,station wagon,6,19.0,29.0,23.0,7,yes
1986,SAAB 9-3 Sportcombi,2.8,6,Auto-S6,2WD,Gasoline,station wagon,6,15.0,24.0,18.0,5,no
1987,SAAB 9-3 Sportcombi,2.8,6,Man-6,2WD,Gasoline,station wagon,6,16.0,26.0,19.0,5,no
1990,SAAB 9-5,2.3,4,Auto-S5,2WD,Gasoline,midsize car,6,17.0,26.0,20.0,6,no
1991,SAAB 9-5,2.3,4,Man-5,2WD,Gasoline,midsize car,6,18.0,28.0,21.0,6,no
1994,SAAB 9-5 Sportcombi,2.3,4,Auto-S5,2WD,Gasoline,station wagon,6,17.0,26.0,20.0,6,no
1995,SAAB 9-5 Sportcombi,2.3,4,Man-5,2WD,Gasoline,station wagon,6,18.0,28.0,21.0,6,no
1997,SAAB 9-7X,5.3,8,Auto-L4,4WD,Gasoline,SUV,6,13.0,19.0,16.0,4,no
1998,SAAB 9-7X,6.0,8,Auto-L4,4WD,Gasoline,SUV,6,12.0,16.0,13.0,1,no
2003,SALEEN S281,5.0,8,Man-6,2WD,Gasoline,small car,6,12.0,18.0,14.0,2,no
2004,SALEEN S281,5.0,8,Man-6,2WD,Gasoline,small car,6,12.0,18.0,14.0,2,no
2005,SATURN Aura,3.5,6,Auto-L4,2WD,Gasoline,midsize car,7,18.0,29.0,22.0,6,yes
2007,SATURN Aura,2.4,4,Auto-L4,2WD,Gasoline,midsize car,6,22.0,30.0,25.0,7,yes
2010,SATURN Aura,3.6,6,Auto-S6,2WD,Gasoline,midsize car,6,17.0,26.0,20.0,6,no
2012,SATURN Aura Hybrid,2.4,4,Auto-L4,2WD,Gasoline,midsize car,6,24.0,32.0,27.0,8,yes
2015,SATURN Outlook,3.6,6,Auto-L6,2WD,Gasoline,SUV,6,16.0,24.0,19.0,5,no
2016,SATURN Outlook,3.6,6,Auto-L6,4WD,Gasoline,SUV,6,16.0,22.0,18.0,5,no
2019,SATURN Sky,2.0,4,Auto-L5,2WD,Gasoline,small car,6,19.0,26.0,21.0,6,no
2020,SATURN Sky,2.0,4,Man-5,2WD,Gasoline,small car,6,19.0,28.0,22.0,6,no
2023,SATURN Sky,2.4,4,Auto-L5,2WD,Gasoline,small car,6,19.0,24.0,21.0,6,no
2024,SATURN Sky,2.4,4,Man-5,2WD,Gasoline,small car,6,19.0,25.0,21.0,6,no
2028,SATURN Vue,3.5,6,Auto-L6,4WD,Gasoline,SUV,6,15.0,22.0,17.0,4,no
2033,SATURN Vue,3.6,6,Auto-L6,2WD,Gasoline,SUV,6,16.0,23.0,19.0,5,no
2034,SATURN Vue,3.6,6,Auto-S6,2WD,Gasoline,SUV,6,16.0,24.0,19.0,5,no
2035,SATURN Vue,3.6,6,Auto-L6,4WD,Gasoline,SUV,6,16.0,22.0,18.0,5,no
2036,SATURN Vue,3.6,6,Auto-S6,4WD,Gasoline,SUV,6,16.0,22.0,18.0,5,no
2039,SHELBY Mustang GT,4.6,8,Man-5,2WD,Gasoline,small car,6,15.0,22.0,17.0,4,no
2040,SUBARU Forester,2.5,4,Auto-L4,4WD,Gasoline,SUV,9.5,20.0,26.0,22.0,6,yes
2041,SUBARU Forester,2.5,4,Man-5,4WD,Gasoline,SUV,9.5,20.0,27.0,22.0,6,yes
2048,SUBARU Forester,2.5,4,Auto-L4,4WD,Gasoline,SUV,6,18.0,23.0,20.0,6,no
2049,SUBARU Forester,2.5,4,Man-5,4WD,Gasoline,SUV,6,19.0,25.0,21.0,6,no
2050,SUBARU Forester,2.5,4,Auto-L4,4WD,Gasoline,SUV,6,20.0,26.0,22.0,6,no
2051,SUBARU Forester,2.5,4,Man-5,4WD,Gasoline,SUV,6,20.0,27.0,22.0,6,no
2056,SUBARU Impreza,2.5,4,Man-5,4WD,Gasoline,small car,6,19.0,25.0,21.0,6,no
2057,SUBARU Impreza,2.5,4,Auto-S4,4WD,Gasoline,small car,6,20.0,25.0,22.0,6,no
2058,SUBARU Impreza,2.5,4,Man-5,4WD,Gasoline,small car,6,20.0,27.0,22.0,6,no
2059,SUBARU Impreza,2.5,4,Auto-S4,4WD,Gasoline,small car,6,20.0,27.0,22.0,6,no
2065,SUBARU Impreza Wagon,2.5,4,Man-6,4WD,Gasoline,station wagon,6,17.0,23.0,19.0,5,no
2066,SUBARU Impreza Wagon,2.5,4,Man-5,4WD,Gasoline,station wagon,6,19.0,25.0,21.0,6,no
2067,SUBARU Impreza Wagon,2.5,4,Auto-S4,4WD,Gasoline,station wagon,6,20.0,25.0,22.0,6,no
2068,SUBARU Impreza Wagon,2.5,4,Man-5,4WD,Gasoline,station wagon,6,20.0,27.0,22.0,6,no
2069,SUBARU Impreza Wagon,2.5,4,Auto-S4,4WD,Gasoline,station wagon,6,20.0,27.0,22.0,6,no
2070,SUBARU Legacy,2.5,4,Man-5,4WD,Gasoline,small car,9.5,20.0,27.0,22.0,6,yes
2071,SUBARU Legacy,2.5,4,Auto-S4,4WD,Gasoline,small car,9.5,20.0,27.0,22.0,6,yes
2079,SUBARU Legacy,2.5,4,Man-6,4WD,Gasoline,small car,6,17.0,24.0,20.0,6,no
2080,SUBARU Legacy,2.5,4,Auto-S5,4WD,Gasoline,small car,6,18.0,24.0,20.0,6,no
2081,SUBARU Legacy,2.5,4,Man-5,4WD,Gasoline,small car,6,19.0,25.0,21.0,6,no
2082,SUBARU Legacy,2.5,4,Man-5,4WD,Gasoline,small car,6,20.0,27.0,22.0,6,no
2083,SUBARU Legacy,2.5,4,Auto-S4,4WD,Gasoline,small car,6,20.0,27.0,22.0,6,no
2085,SUBARU Legacy,3.0,6,Auto-S5,4WD,Gasoline,small car,6,17.0,24.0,20.0,6,no
2091,SUBARU Outback Sport,2.5,4,Man-6,4WD,Gasoline,station wagon,6,17.0,23.0,19.0,5,no
2092,SUBARU Outback Sport,2.5,4,Man-5,4WD,Gasoline,station wagon,6,19.0,25.0,21.0,6,no
2093,SUBARU Outback Sport,2.5,4,Auto-S4,4WD,Gasoline,station wagon,6,20.0,25.0,22.0,6,no
2094,SUBARU Outback Sport,2.5,4,Man-5,4WD,Gasoline,station wagon,6,20.0,27.0,22.0,6,no
2095,SUBARU Outback Sport,2.5,4,Auto-S4,4WD,Gasoline,station wagon,6,20.0,27.0,22.0,6,no
2096,SUBARU Outback Wagon,2.5,4,Man-5,4WD,Gasoline,SUV,9.5,19.0,26.0,22.0,6,yes
2097,SUBARU Outback Wagon,2.5,4,Auto-S4,4WD,Gasoline,SUV,9.5,20.0,26.0,22.0,6,yes
2104,SUBARU Outback Wagon,2.5,4,Auto-S5,4WD,Gasoline,SUV,6,18.0,24.0,20.0,6,no
2105,SUBARU Outback Wagon,2.5,4,Man-5,4WD,Gasoline,SUV,6,18.0,24.0,20.0,6,no
2106,SUBARU Outback Wagon,2.5,4,Man-5,4WD,Gasoline,SUV,6,19.0,26.0,22.0,6,no
2107,SUBARU Outback Wagon,2.5,4,Auto-S4,4WD,Gasoline,SUV,6,20.0,26.0,22.0,6,no
2109,SUBARU Outback Wagon,3.0,6,Auto-S5,4WD,Gasoline,SUV,6,17.0,24.0,20.0,6,no
2111,SUBARU Tribeca,3.6,6,Auto-S5,4WD,Gasoline,SUV,6,16.0,21.0,18.0,5,no
2124,SUZUKI Grand Vitara,2.7,6,Man-5,2WD,Gasoline,SUV,6,16.0,22.0,18.0,5,no
2125,SUZUKI Grand Vitara,2.7,6,Auto-L5,2WD,Gasoline,SUV,6,17.0,22.0,19.0,5,no
2126,SUZUKI Grand Vitara,2.7,6,Man-5,4WD,Gasoline,SUV,6,16.0,21.0,18.0,5,no
2127,SUZUKI Grand Vitara,2.7,6,Auto-L5,4WD,Gasoline,SUV,6,17.0,21.0,19.0,5,no
2138,SUZUKI SX4,2.0,4,Man-5,2WD,Gasoline,small car,6,22.0,30.0,25.0,7,yes
2139,SUZUKI SX4,2.0,4,Auto-L4,2WD,Gasoline,small car,6,23.0,31.0,26.0,8,yes
2140,SUZUKI SX4,2.0,4,Man-5,4WD,Gasoline,station wagon,6,21.0,28.0,24.0,7,yes
2141,SUZUKI SX4,2.0,4,Auto-L4,4WD,Gasoline,station wagon,6,21.0,28.0,24.0,7,yes
2142,SUZUKI SX4,2.0,4,Man-5,2WD,Gasoline,station wagon,6,22.0,30.0,25.0,7,yes
2143,SUZUKI SX4,2.0,4,Auto-L4,2WD,Gasoline,station wagon,6,22.0,30.0,25.0,7,yes
2146,TOYOTA 4Runner,4.7,8,Auto-L5,2WD,Gasoline,SUV,7,15.0,19.0,17.0,4,no
2147,TOYOTA 4Runner,4.7,8,Auto-L5,4WD,Gasoline,SUV,7,14.0,17.0,15.0,3,no
2150,TOYOTA 4Runner,4.0,6,Auto-L5,2WD,Gasoline,SUV,6,16.0,21.0,18.0,5,no
2151,TOYOTA 4Runner,4.0,6,Auto-L5,4WD,Gasoline,SUV,6,16.0,20.0,17.0,4,no
2154,TOYOTA Avalon,3.5,6,Auto-S6,2WD,Gasoline,large car,7,19.0,28.0,22.0,6,yes
2156,TOYOTA Camry,2.4,4,Auto-L5,2WD,Gasoline,midsize car,9.5,21.0,31.0,25.0,7,yes
2157,TOYOTA Camry,2.4,4,Man-5,2WD,Gasoline,midsize car,7,21.0,31.0,25.0,7,yes
2158,TOYOTA Camry,2.4,4,Auto-L5,2WD,Gasoline,midsize car,7,21.0,31.0,25.0,7,yes
2159,TOYOTA Camry,3.5,6,Auto-S6,2WD,Gasoline,midsize car,7,19.0,28.0,22.0,6,yes
2163,TOYOTA Camry Hybrid,2.4,4,Auto-AV,2WD,Gasoline,midsize car,9.5,33.0,34.0,34.0,9,yes
2165,TOYOTA Corolla,1.8,4,Auto-L4,2WD,Gasoline,small car,7,26.0,35.0,29.0,8,yes
2166,TOYOTA Corolla,1.8,4,Man-5,2WD,Gasoline,small car,7,28.0,37.0,31.0,9,yes
2172,TOYOTA FJ Cruiser,4.0,6,Auto-L5,2WD,Gasoline,SUV,6,16.0,20.0,18.0,5,no
2173,TOYOTA FJ Cruiser,4.0,6,Man-6,4WD,Gasoline,SUV,6,15.0,18.0,16.0,4,no
2174,TOYOTA FJ Cruiser,4.0,6,Auto-L5,4WD,Gasoline,SUV,6,16.0,20.0,17.0,4,no
2175,TOYOTA Highlander,3.5,6,Auto-S5,2WD,Gasoline,SUV,7,18.0,24.0,20.0,6,yes
2176,TOYOTA Highlander,3.5,6,Auto-S5,4WD,Gasoline,SUV,7,17.0,23.0,19.0,5,no
2179,TOYOTA Highlander Hybrid,3.3,6,Auto-AV,4WD,Gasoline,SUV,9,27.0,25.0,26.0,8,yes
2181,TOYOTA Land Cruiser,5.7,8,Auto-S6,4WD,Gasoline,SUV,7,13.0,18.0,15.0,3,no
2183,TOYOTA Matrix,1.8,4,Auto-L4,2WD,Gasoline,station wagon,7,25.0,31.0,27.0,8,yes
2184,TOYOTA Matrix,1.8,4,Man-5,2WD,Gasoline,station wagon,7,26.0,33.0,29.0,8,yes
2187,TOYOTA Prius,1.5,4,Auto-AV,2WD,Gasoline,midsize car,9.5,48.0,45.0,46.0,10,yes
2189,TOYOTA RAV4,2.4,4,Auto-L4,2WD,Gasoline,SUV,7,21.0,27.0,24.0,7,yes
2190,TOYOTA RAV4,2.4,4,Auto-L4,4WD,Gasoline,SUV,7,20.0,25.0,22.0,6,yes
2191,TOYOTA RAV4,3.5,6,Auto-L5,2WD,Gasoline,SUV,7,19.0,27.0,22.0,6,yes
2192,TOYOTA RAV4,3.5,6,Auto-L5,4WD,Gasoline,SUV,7,19.0,26.0,21.0,6,yes
2197,TOYOTA Scion TC,2.4,4,Man-5,2WD,Gasoline,small car,7,20.0,27.0,23.0,7,yes
2198,TOYOTA Scion TC,2.4,4,Auto-L4,2WD,Gasoline,small car,7,21.0,29.0,24.0,7,yes
2201,TOYOTA Scion XB,2.4,4,Auto-S4,2WD,Gasoline,station wagon,7,22.0,28.0,24.0,7,yes
2202,TOYOTA Scion XB,2.4,4,Man-5,2WD,Gasoline,station wagon,7,22.0,28.0,24.0,7,yes
2205,TOYOTA Scion XD,1.8,4,Auto-L4,2WD,Gasoline,small car,6,26.0,32.0,28.0,8,yes
2206,TOYOTA Scion XD,1.8,4,Man-5,2WD,Gasoline,small car,6,27.0,33.0,29.0,8,yes
2209,TOYOTA Sequoia,4.7,8,Auto-S5,2WD,Gasoline,SUV,7,14.0,17.0,15.0,3,no
2210,TOYOTA Sequoia,4.7,8,Auto-S5,4WD,Gasoline,SUV,7,13.0,16.0,14.0,2,no
2211,TOYOTA Sequoia,5.7,8,Auto-S6,2WD,Gasoline,SUV,7,14.0,19.0,15.0,3,no
2212,TOYOTA Sequoia,5.7,8,Auto-S6,4WD,Gasoline,SUV,7,13.0,18.0,15.0,3,no
2217,TOYOTA Sienna,3.5,6,Auto-L5,2WD,Gasoline,minivan,7,17.0,23.0,19.0,5,no
2218,TOYOTA Sienna,3.5,6,Auto-L5,4WD,Gasoline,minivan,7,16.0,21.0,18.0,5,no
2221,TOYOTA Solara,2.4,4,Man-5,2WD,Gasoline,small car,7,21.0,31.0,25.0,7,yes
2222,TOYOTA Solara,2.4,4,Auto-S5,2WD,Gasoline,small car,7,22.0,31.0,25.0,7,yes
2223,TOYOTA Solara,3.3,6,Auto-S5,2WD,Gasoline,small car,7,18.0,27.0,21.0,6,yes
2227,TOYOTA Solara Convertible,3.3,6,Auto-S5,2WD,Gasoline,small car,7,18.0,26.0,21.0,6,yes
2234,TOYOTA Tacoma,2.7,4,Auto-L4,2WD,Gasoline,pickup,6,19.0,25.0,21.0,6,no
2235,TOYOTA Tacoma,2.7,4,Man-5,2WD,Gasoline,pickup,6,20.0,25.0,22.0,6,no
2236,TOYOTA Tacoma,2.7,4,Auto-L4,2WD,Gasoline,pickup,6,19.0,25.0,21.0,6,no
2237,TOYOTA Tacoma,2.7,4,Man-5,2WD,Gasoline,pickup,6,20.0,25.0,22.0,6,no
2238,TOYOTA Tacoma,2.7,4,Man-5,4WD,Gasoline,pickup,6,17.0,22.0,19.0,5,no
2243,TOYOTA Tacoma,4.0,6,Man-6,2WD,Gasoline,pickup,6,15.0,19.0,17.0,4,no
2244,TOYOTA Tacoma,4.0,6,Auto-L5,2WD,Gasoline,pickup,6,16.0,20.0,18.0,5,no
2245,TOYOTA Tacoma,4.0,6,Man-6,4WD,Gasoline,pickup,6,15.0,18.0,16.0,4,no
2246,TOYOTA Tacoma,4.0,6,Auto-L5,4WD,Gasoline,pickup,6,16.0,20.0,18.0,5,no
2247,TOYOTA Tundra,4.7,8,Auto-S5,2WD,Gasoline,pickup,7,14.0,17.0,15.0,3,no
2248,TOYOTA Tundra,4.7,8,Auto-S5,4WD,Gasoline,pickup,7,13.0,16.0,15.0,3,no
2249,TOYOTA Tundra,5.7,8,Auto-S6,2WD,Gasoline,pickup,7,14.0,18.0,16.0,4,no
2250,TOYOTA Tundra,5.7,8,Auto-S6,4WD,Gasoline,pickup,7,13.0,17.0,14.0,2,no
2252,TOYOTA Tundra,4.0,6,Auto-S5,2WD,Gasoline,pickup,6,15.0,19.0,17.0,4,no
2257,TOYOTA Yaris,1.5,4,Auto-L4,2WD,Gasoline,small car,7,29.0,35.0,31.0,9,yes
2258,TOYOTA Yaris,1.5,4,Man-5,2WD,Gasoline,small car,7,29.0,36.0,32.0,9,yes
2261,VOLKSWAGEN Eos,2.0,4,Man-6,2WD,Gasoline,small car,7,21.0,29.0,24.0,7,yes
2262,VOLKSWAGEN Eos,2.0,4,Auto-S6,2WD,Gasoline,small car,7,21.0,30.0,24.0,7,yes
2266,VOLKSWAGEN Eos,3.2,6,Auto-S6,2WD,Gasoline,small car,6,19.0,26.0,22.0,6,no
2267,VOLKSWAGEN GTI,2.0,4,Man-6,2WD,Gasoline,small car,7,21.0,29.0,24.0,7,yes
2268,VOLKSWAGEN GTI,2.0,4,Auto-S6,2WD,Gasoline,small car,7,22.0,29.0,25.0,7,yes
2271,VOLKSWAGEN Jetta,2.5,5,Man-5,2WD,Gasoline,small car,9.5,21.0,29.0,24.0,7,yes
2272,VOLKSWAGEN Jetta,2.5,5,Auto-S6,2WD,Gasoline,small car,9.5,21.0,29.0,24.0,7,yes
2275,VOLKSWAGEN Jetta,2.0,4,Man-6,2WD,Gasoline,small car,7,21.0,29.0,24.0,7,yes
2276,VOLKSWAGEN Jetta,2.0,4,Auto-S6,2WD,Gasoline,small car,7,22.0,29.0,25.0,7,yes
2277,VOLKSWAGEN Jetta,2.5,5,Man-5,2WD,Gasoline,small car,7,21.0,29.0,24.0,7,yes
2278,VOLKSWAGEN Jetta,2.5,5,Auto-S6,2WD,Gasoline,small car,7,21.0,29.0,24.0,7,yes
2283,VOLKSWAGEN Jetta Wagon,2.5,5,Man-5,2WD,Gasoline,station wagon,9.5,21.0,29.0,24.0,7,yes
2284,VOLKSWAGEN Jetta Wagon,2.5,5,Auto-S6,2WD,Gasoline,station wagon,9.5,21.0,29.0,24.0,7,yes
2287,VOLKSWAGEN Jetta Wagon,2.5,5,Man-5,2WD,Gasoline,station wagon,7,21.0,29.0,24.0,7,yes
2288,VOLKSWAGEN Jetta Wagon,2.5,5,Auto-S6,2WD,Gasoline,station wagon,7,21.0,29.0,24.0,7,yes
2291,VOLKSWAGEN New Beetle,2.5,5,Man-5,2WD,Gasoline,small car,9.5,20.0,28.0,23.0,7,yes
2292,VOLKSWAGEN New Beetle,2.5,5,Auto-S6,2WD,Gasoline,small car,9.5,20.0,29.0,23.0,7,yes
2295,VOLKSWAGEN New Beetle,2.5,5,Man-5,2WD,Gasoline,small car,7,20.0,28.0,23.0,7,yes
2296,VOLKSWAGEN New Beetle,2.5,5,Auto-S6,2WD,Gasoline,small car,7,20.0,29.0,23.0,7,yes
2299,VOLKSWAGEN New Beetle Convertible,2.5,5,Auto-S6,2WD,Gasoline,small car,9.5,20.0,28.0,23.0,7,yes
2300,VOLKSWAGEN New Beetle Convertible,2.5,5,Man-5,2WD,Gasoline,small car,9.5,20.0,28.0,23.0,7,yes
2303,VOLKSWAGEN New Beetle Convertible,2.5,5,Auto-S6,2WD,Gasoline,small car,7,20.0,28.0,23.0,7,yes
2304,VOLKSWAGEN New Beetle Convertible,2.5,5,Man-5,2WD,Gasoline,small car,7,20.0,28.0,23.0,7,yes
2307,VOLKSWAGEN Passat,2.0,4,Auto-S6,2WD,Gasoline,midsize car,7,19.0,28.0,22.0,6,yes
2308,VOLKSWAGEN Passat,2.0,4,Man-6,2WD,Gasoline,midsize car,7,21.0,29.0,24.0,7,yes
2313,VOLKSWAGEN Passat,3.6,6,Auto-S6,4WD,Gasoline,midsize car,6,16.0,24.0,19.0,5,no
2314,VOLKSWAGEN Passat,3.6,6,Auto-S6,2WD,Gasoline,midsize car,6,17.0,26.0,20.0,6,no
2315,VOLKSWAGEN Passat Wagon,2.0,4,Auto-S6,2WD,Gasoline,station wagon,7,20.0,28.0,23.0,7,yes
2316,VOLKSWAGEN Passat Wagon,2.0,4,Man-6,2WD,Gasoline,station wagon,7,21.0,29.0,24.0,7,yes
2320,VOLKSWAGEN Passat Wagon,3.6,6,Auto-S6,4WD,Gasoline,station wagon,6,16.0,24.0,19.0,5,no
2322,VOLKSWAGEN R32,3.2,6,Auto-S6,4WD,Gasoline,small car,6,18.0,23.0,20.0,6,no
2323,VOLKSWAGEN Rabbit,2.5,5,Auto-S6,2WD,Gasoline,small car,9.5,21.0,29.0,24.0,7,yes
2324,VOLKSWAGEN Rabbit,2.5,5,Man-5,2WD,Gasoline,small car,9.5,22.0,29.0,24.0,7,yes
2327,VOLKSWAGEN Rabbit,2.5,5,Auto-S6,2WD,Gasoline,small car,7,21.0,29.0,24.0,7,yes
2328,VOLKSWAGEN Rabbit,2.5,5,Man-5,2WD,Gasoline,small car,7,22.0,29.0,24.0,7,yes
2332,VOLKSWAGEN Touareg,3.6,6,Auto-S6,4WD,Gasoline,SUV,6,14.0,20.0,16.0,4,no
2334,VOLKSWAGEN Touareg,4.2,8,Auto-S6,4WD,Gasoline,SUV,6,12.0,17.0,14.0,2,no
2336,VOLVO C30,2.4,5,Auto-S5,2WD,Gasoline,small car,7,20.0,28.0,23.0,7,yes
2337,VOLVO C30,2.4,5,Man-5,2WD,Gasoline,small car,7,20.0,28.0,23.0,7,yes
2338,VOLVO C30,2.5,5,Auto-S5,2WD,Gasoline,small car,7,19.0,27.0,22.0,6,yes
2339,VOLVO C30,2.5,5,Man-6,2WD,Gasoline,small car,7,19.0,28.0,23.0,7,yes
2344,VOLVO C70 Convertible,2.5,5,Auto-S5,2WD,Gasoline,small car,7,18.0,26.0,21.0,6,yes
2345,VOLVO C70 Convertible,2.5,5,Man-6,2WD,Gasoline,small car,7,18.0,27.0,21.0,6,yes
2348,VOLVO S40,2.4,5,Auto-S5,2WD,Gasoline,small car,9.5,20.0,28.0,23.0,7,yes
2349,VOLVO S40,2.4,5,Auto-S5,2WD,Gasoline,small car,7,20.0,28.0,23.0,7,yes
2350,VOLVO S40,2.4,5,Man-5,2WD,Gasoline,small car,7,20.0,28.0,23.0,7,yes
2351,VOLVO S40,2.5,5,Man-6,4WD,Gasoline,small car,7,17.0,25.0,20.0,6,yes
2352,VOLVO S40,2.5,5,Auto-S5,4WD,Gasoline,small car,7,18.0,26.0,21.0,6,yes
2353,VOLVO S40,2.5,5,Auto-S5,2WD,Gasoline,small car,7,19.0,27.0,22.0,6,yes
2354,VOLVO S40,2.5,5,Man-6,2WD,Gasoline,small car,7,19.0,28.0,23.0,7,yes
2361,VOLVO S60,2.5,5,Auto-L5,4WD,Gasoline,small car,7,17.0,26.0,21.0,6,yes
2362,VOLVO S60,2.5,5,Auto-S5,4WD,Gasoline,small car,7,18.0,26.0,21.0,6,yes
2363,VOLVO S60,2.5,5,Auto-L5,2WD,Gasoline,small car,7,19.0,27.0,22.0,6,yes
2364,VOLVO S60,2.5,5,Auto-S5,2WD,Gasoline,small car,7,19.0,27.0,22.0,6,yes
2367,VOLVO S60,2.4,5,Auto-S5,2WD,Gasoline,small car,6,18.0,26.0,21.0,6,no
2368,VOLVO S60,2.4,5,Man-6,2WD,Gasoline,small car,6,18.0,26.0,21.0,6,no
2373,VOLVO S80,3.0,6,Auto-S6,4WD,Gasoline,midsize car,7,15.0,23.0,18.0,5,no
2374,VOLVO S80,3.2,6,Auto-S6,2WD,Gasoline,midsize car,7,16.0,24.0,19.0,5,no
2375,VOLVO S80,3.2,6,Auto-S6,4WD,Gasoline,midsize car,7,16.0,24.0,19.0,5,no
2376,VOLVO S80,4.4,8,Auto-S6,4WD,Gasoline,midsize car,7,15.0,23.0,18.0,5,no
2381,VOLVO V50,2.4,5,Auto-S5,2WD,Gasoline,station wagon,9.5,20.0,28.0,23.0,7,yes
2382,VOLVO V50,2.4,5,Auto-S5,2WD,Gasoline,station wagon,7,20.0,28.0,23.0,7,yes
2383,VOLVO V50,2.4,5,Man-5,2WD,Gasoline,station wagon,7,20.0,28.0,23.0,7,yes
2384,VOLVO V50,2.5,5,Man-6,4WD,Gasoline,station wagon,7,17.0,25.0,20.0,6,yes
2385,VOLVO V50,2.5,5,Auto-S5,4WD,Gasoline,station wagon,7,18.0,26.0,21.0,6,yes
2386,VOLVO V50,2.5,5,Auto-S5,2WD,Gasoline,station wagon,7,19.0,27.0,22.0,6,yes
2387,VOLVO V50,2.5,5,Man-6,2WD,Gasoline,station wagon,7,19.0,28.0,23.0,7,yes
2394,VOLVO V70,3.2,6,Auto-S6,2WD,Gasoline,station wagon,7,16.0,24.0,19.0,5,no
2396,VOLVO XC 70,3.2,6,Auto-S6,4WD,Gasoline,SUV,7,15.0,22.0,17.0,4,no
2398,VOLVO XC 90,3.2,6,Auto-S6,2WD,Gasoline,SUV,7,14.0,20.0,16.0,4,no
2399,VOLVO XC 90,3.2,6,Auto-S6,4WD,Gasoline,SUV,7,14.0,20.0,16.0,4,no
2400,VOLVO XC 90,4.4,8,Auto-S6,4WD,Gasoline,SUV,7,13.0,19.0,15.0,3,no
1550,MERCEDES-BENZ C300,3.0,6,Auto-L7,2WD,ethanol,small car,6,13.0,19.0,15.0,7,no
1550,MERCEDES-BENZ C300,3.0,6,Auto-L7,2WD,gas,small car,4,18.0,25.0,21.0,6,no
